Money Available,DOB,Password,ID,Username,First Name,Flights Purchased,Last Name,Role,MinerAirlines Membership
6665.7,5/3/1960,Fun!23,736,kimberlyroberts,Kimberly,0,Roberts,Employee,true
14831.65,3/27/1977,Fun!23,843,kevintran,Kevin,0,Tran,Employee,true
9544.21,11/19/1984,Fun!23,296,jeffreyluna,Jeffrey,0,Luna,Employee,true
13348.28,5/28/1904,Fun!23,724,kellyjordan,Kelly,0,Jordan,Employee,true
7717.18,3/10/1972,Fun!23,117,christophernorris,Christopher,0,Norris,Employee,false
8583.16,6/9/1979,Fun!23,293,alexandrarobinson,Alexandra,0,Robinson,Employee,true
12990.16,9/25/1960,Fun!23,494,matthewporter,Matthew,0,Porter,Employee,false
5094.48,10/17/1906,Fun!23,861,paulharmon,Paul,0,Harmon,Employee,true
9737.4,2/27/1947,Fun!23,453,raybooth,Ray,0,Booth,Employee,true
11048.83,1/29/1916,Fun!23,833,michaelwilliamson,Michael,0,Williamson,Employee,true
4739,11/27/1924,Fun!23,726,jenniferguzman,Jennifer,0,Guzman,Employee,true
14486.33,6/10/1959,Fun!23,855,lauriejohnson,Laurie,0,Johnson,Employee,false
4390.77,5/19/1902,Fun!23,536,sherrivelasquez,Sherri,0,Velasquez,Employee,false
16960.03,8/21/1941,Fun!23,540,michaelmartinez,Michael,0,Martinez,Employee,true
12409.72,8/22/1975,Fun!23,190,ericvazquez,Eric,0,Vazquez,Employee,true
7085.37,6/10/1948,Fun!23,1012,mikayladennis,Mikayla,0,Dennis,Employee,false
3699.14,1/18/1944,Fun!23,739,jenniferbailey,Jennifer,0,Bailey,Employee,true
11984.22,2/23/1947,Fun!23,64,santiagoolivas,Santiago,0,Olivas,Employee,true
9904.27,3/17/1986,Fun!23,286,chrisking,Chris,0,King,Employee,false
14887.79,3/20/1940,Fun!23,448,jennifercopeland,Jennifer,0,Copeland,Employee,false
16165.94,6/5/1957,Fun!23,320,brianjacobson,Brian,0,Jacobson,Employee,true
6942.71,8/4/1907,Fun!23,936,sharongillespie,Sharon,0,Gillespie,Employee,true
17983.51,12/13/1907,Fun!23,208,amandamiller,Amanda,0,Miller,Employee,true
6154.41,8/31/1954,Fun!23,944,amberconley,Amber,0,Conley,Employee,false
16455.86,9/24/1968,Fun!23,907,anthonykramer,Anthony,0,Kramer,Employee,true
12777.22,4/2/1901,Fun!23,815,josesmith,Jose,0,Smith,Employee,false
3077.97,7/4/1902,Fun!23,581,cassandracook,Cassandra,0,Cook,Employee,false
7350.26,5/27/1957,Fun!23,497,gabrielhansen,Gabriel,0,Hansen,Employee,true
15520.16,7/16/1902,Fun!23,109,chelseagallagher,Chelsea,0,Gallagher,Employee,true
10572.34,7/10/1976,Fun!23,629,jacobcontreras,Jacob,0,Contreras,Employee,false
3229.98,8/9/1954,Fun!23,167,juliealexander,Julie,0,Alexander,Employee,false
17286.18,5/12/1978,Fun!23,511,stevenhernandez,Steven,0,Hernandez,Employee,true
5575.5,4/23/1958,Fun!23,1007,melissaholt,Melissa,0,Holt,Employee,false
6145.3,8/14/1991,Fun!23,355,heidibarker,Heidi,0,Barker,Employee,true
5286.77,8/24/1950,Fun!23,673,ashleywalker,Ashley,0,Walker,Employee,false
8886.82,12/2/1986,Fun!23,788,kathysmith,Kathy,0,Smith,Employee,false
15274.96,2/17/1918,Fun!23,566,coreywilson,Corey,0,Wilson,Employee,false
3964.93,4/15/1971,Fun!23,287,tammymartinez,Tammy,0,Martinez,Employee,false
5740,5/12/1966,Fun!23,600,jennifersmith,Jennifer,0,Smith,Employee,false
14864.63,1/31/1940,Fun!23,533,dennisreynolds,Dennis,0,Reynolds,Employee,false
9109.23,12/27/1973,Fun!23,189,markramos,Mark,0,Ramos,Employee,true
7364.55,5/3/1992,Fun!23,65,bellaquintero,Bella,0,Quintero,Employee,true
13982.06,5/29/1994,Fun!23,911,brendanphillips,Brendan,0,Phillips,Employee,true
16237.36,10/6/1992,Fun!23,1004,josephhanna,Joseph,0,Hanna,Employee,true
17276.59,6/19/1964,Fun!23,997,jamiebrown,Jamie,0,Brown,Employee,true
11099.91,4/18/1905,Fun!23,669,sarahjones,Sarah,0,Jones,Employee,true
11736.83,5/27/1987,Fun!23,125,brianandrews,Brian,0,Andrews,Employee,true
7353.92,11/22/1981,Fun!23,199,jerrylee,Jerry,0,Lee,Employee,true
3754.16,5/17/1977,Fun!23,839,juanbrock,Juan,0,Brock,Employee,false
6171.9,5/11/1933,Fun!23,437,samanthathomas,Samantha,0,Thomas,Employee,false
15127.08,12/27/1986,Fun!23,979,anthonybyrd,Anthony,0,Byrd,Employee,true
14599.64,8/26/1999,Fun!23,444,daviddavila,David,0,Davila,Employee,true
10716.14,6/16/1924,Fun!23,966,maryanderson,Mary,0,Anderson,Employee,false
16548.61,4/18/1917,Fun!23,804,michellegriffin,Michelle,0,Griffin,Employee,false
16472.81,4/3/1997,Fun!23,1013,carloslynch,Carlos,0,Lynch,Employee,true
13819.49,9/20/1979,Fun!23,606,lawrenceprice,Lawrence,0,Price,Employee,true
17498.4,5/2/1940,Fun!23,827,crystalhayes,Crystal,0,Hayes,Employee,false
14748.84,4/30/1935,Fun!23,510,edwardjackson,Edward,0,Jackson,Employee,false
12974.72,2/19/1997,Fun!23,185,michaelwhite,Michael,0,White,Employee,false
9735.08,1/7/1989,Fun!23,523,kimcontreras,Kim,0,Contreras,Employee,false
12877.71,2/28/1928,Fun!23,25,gastondisney,Gaston,0,Disney,Customer,false
15550.68,2/21/1925,Fun!23,983,jenniferpreston,Jennifer,0,Preston,Employee,true
10664.01,11/25/1951,Fun!23,543,amandavang,Amanda,0,Vang,Employee,false
13233.21,10/27/1928,Fun!23,100,davidbrown,David,0,Brown,Employee,true
14347.74,4/22/1959,Fun!23,805,michellemaynard,Michelle,0,Maynard,Employee,false
3434.42,5/27/1925,Fun!23,212,sheilalewis,Sheila,0,Lewis,Employee,true
16255.72,3/7/1990,Fun!23,154,stephanieharris,Stephanie,0,Harris,Employee,false
5335.91,6/29/1987,Fun!23,529,kayleehale,Kaylee,0,Hale,Employee,false
4358.98,12/25/1915,Fun!23,133,hannaharias,Hannah,0,Arias,Employee,true
16410.65,1/9/1905,Fun!23,257,susanhumphrey,Susan,0,Humphrey,Employee,true
15085.13,7/17/1918,Fun!23,614,michaelking,Michael,0,King,Employee,true
4169.95,9/26/1913,Fun!23,184,emilyrichardson,Emily,0,Richardson,Employee,true
16148.06,4/2/1934,Fun!23,466,georgewood,George,0,Wood,Employee,false
15211.63,5/14/1988,Fun!23,215,bridgetwagner,Bridget,0,Wagner,Employee,true
9041.17,5/1/1992,Fun!23,991,emilyjackson,Emily,0,Jackson,Employee,true
5464.69,5/13/1948,Fun!23,98,danielolson,Daniel,0,Olson,Employee,false
16628.05,12/27/1955,Fun!23,518,jamieconner,Jamie,0,Conner,Employee,true
8670.12,6/7/1941,Fun!23,495,angelbarber,Angel,0,Barber,Employee,true
3807.74,3/6/1964,Fun!23,620,amberlong,Amber,0,Long,Employee,false
9563.3,12/18/1928,Fun!23,737,michaelcowan,Michael,0,Cowan,Employee,false
3637.54,11/1/1929,Fun!23,393,donnatravis,Donna,0,Travis,Employee,false
10307.98,8/12/1987,Fun!23,134,danielhampton,Daniel,0,Hampton,Employee,true
4670.33,5/21/1955,Fun!23,156,dylanharris,Dylan,0,Harris,Employee,false
11263.27,2/11/1941,Fun!23,753,anitafletcher,Anita,0,Fletcher,Employee,true
11659.43,6/13/1907,Fun!23,914,amandajohnson,Amanda,0,Johnson,Employee,true
3568.63,5/14/1992,Fun!23,469,theresahardy,Theresa,0,Hardy,Employee,false
7215.34,9/15/1920,Fun!23,761,catherinemann,Catherine,0,Mann,Employee,false
9808.9,10/24/1990,Fun!23,127,monicadavenport,Monica,0,Davenport,Employee,true
7442.43,3/1/1964,Fun!23,820,annrogers,Ann,0,Rogers,Employee,true
4426.59,7/22/1986,Fun!23,140,ashleyromero,Ashley,0,Romero,Employee,true
6157.66,7/2/1957,Fun!23,434,kristinapatrick,Kristina,0,Patrick,Employee,false
3532.32,1/2/1962,Fun!23,703,wesleywilliamson,Wesley,0,Williamson,Employee,false
17659.86,2/15/1903,Fun!23,865,sherrymora,Sherry,0,Mora,Employee,false
9285.37,4/27/1920,Fun!23,430,jillsolis,Jill,0,Solis,Employee,true
10271.9,4/16/1900,Fun!23,772,alexisblack,Alexis,0,Black,Employee,true
7127.9,5/28/1909,Fun!23,402,rubenedwards,Ruben,0,Edwards,Employee,false
16796.18,11/16/1976,Fun!23,957,robertflores,Robert,0,Flores,Employee,true
17968.21,3/25/1928,Fun!23,677,jasonclark,Jason,0,Clark,Employee,false
8398.44,10/8/1946,Fun!23,945,suzannekennedy,Suzanne,0,Kennedy,Employee,false
4542.08,2/6/1926,Fun!23,145,richardtorres,Richard,0,Torres,Employee,true
13915.51,11/15/1953,Fun!23,394,tanyakent,Tanya,0,Kent,Employee,false
4424.87,12/7/1951,Fun!23,46,rubencarmonamedrano,Ruben,0,CarmonaMedrano,Employee,false
14960.71,7/28/1920,Fun!23,828,jessicalloyd,Jessica,0,Lloyd,Employee,true
12080,6/30/1956,Fun!23,336,kimberlygarcia,Kimberly,0,Garcia,Employee,false
8338.54,3/31/1922,Fun!23,206,zacharyellison,Zachary,0,Ellison,Employee,true
7220.41,5/8/1996,Fun!23,734,douglasbryant,Douglas,0,Bryant,Employee,false
11447.33,3/22/1903,Fun!23,774,elizabethdominguez,Elizabeth,0,Dominguez,Employee,true
15052.07,4/20/1967,Fun!23,755,jeffreyrodriguez,Jeffrey,0,Rodriguez,Employee,false
5428.78,5/16/1903,Fun!23,460,jasonskinner,Jason,0,Skinner,Employee,true
10285.48,4/25/1921,Fun!23,263,briancastillo,Brian,0,Castillo,Employee,false
13520.24,11/3/1937,Fun!23,229,brittanyray,Brittany,0,Ray,Employee,true
17083.36,5/5/1957,Fun!23,128,michelleholland,Michelle,0,Holland,Employee,true
11873.47,11/15/1902,Fun!23,1010,bethmoss,Beth,0,Moss,Employee,false
5668.77,11/6/1936,Fun!23,447,jonlopez,Jon,0,Lopez,Employee,false
8929.09,1/5/1910,Fun!23,720,codyrobles,Cody,0,Robles,Employee,true
7758.26,8/10/1939,Fun!23,1035,brookemaxwell,Brooke,0,Maxwell,Employee,true
17726.46,3/11/1958,Fun!23,285,jacquelinedunn,Jacqueline,0,Dunn,Employee,false
14410.16,12/30/1940,Fun!23,705,leonardking,Leonard,0,King,Employee,false
7863.99,8/16/1971,Fun!23,702,johnhill,John,0,Hill,Employee,false
16258,1/11/1940,Fun!23,527,christophermelendez,Christopher,0,Melendez,Employee,true
14479.12,3/30/1981,Fun!23,806,elizabethcastillo,Elizabeth,0,Castillo,Employee,false
8433.38,8/30/1978,Fun!23,115,kirstenrobinson,Kirsten,0,Robinson,Employee,true
17088.15,4/16/1969,Fun!23,632,kaylasmith,Kayla,0,Smith,Employee,false
3900.9,11/12/1985,Fun!23,990,timothygreene,Timothy,0,Greene,Employee,true
7730.13,2/23/1958,Fun!23,549,kathleenhines,Kathleen,0,Hines,Employee,true
6530.27,5/17/1940,Fun!23,895,justinhawkins,Justin,0,Hawkins,Employee,false
9311.88,3/25/1919,Fun!23,781,michellerivera,Michelle,0,Rivera,Employee,true
4775.68,12/2/1993,Fun!23,130,paulawyatt,Paula,0,Wyatt,Employee,false
16573.76,10/26/1954,Fun!23,822,chadgreen,Chad,0,Green,Employee,false
10775.07,7/10/1935,Fun!23,592,christinajones,Christina,0,Jones,Employee,false
13748.05,3/16/1910,Fun!23,648,hollyschneider,Holly,0,Schneider,Employee,false
8228.64,2/14/1906,Fun!23,604,victorross,Victor,0,Ross,Employee,false
12031.89,5/8/1908,Fun!23,249,jessicamoore,Jessica,0,Moore,Employee,true
16376.77,1/18/1906,Fun!23,821,feliciacarlson,Felicia,0,Carlson,Employee,false
9859.66,1/28/1993,Fun!23,349,valeriemoore,Valerie,0,Moore,Employee,false
14659.07,12/28/1964,Fun!23,609,ambernguyen,Amber,0,Nguyen,Employee,true
7650.91,1/21/1984,Fun!23,247,davidgross,David,0,Gross,Employee,false
14073.19,8/18/1955,Fun!23,1019,thomasstevenson,Thomas,0,Stevenson,Employee,true
6616.17,3/20/1985,Fun!23,899,daniellechavez,Danielle,0,Chavez,Employee,false
6118.52,11/25/1971,Fun!23,92,bradpatel,Brad,0,Patel,Employee,true
10790.85,2/28/1987,Fun!23,428,kristablake,Krista,0,Blake,Employee,true
3625.13,3/21/1957,Fun!23,395,keithellis,Keith,0,Ellis,Employee,true
5192.05,9/16/1925,Fun!23,71,sethrodriguez,Seth,0,Rodriguez,Employee,true
9867.73,7/11/1996,Fun!23,635,bethsharp,Beth,0,Sharp,Employee,false
16646.61,4/6/1934,Fun!23,801,georgeayala,George,0,Ayala,Employee,false
10335.05,7/14/1900,Fun!23,345,patriciaglenn,Patricia,0,Glenn,Employee,false
3020.02,10/12/1978,Fun!23,608,lindarobles,Linda,0,Robles,Employee,true
12099.3,11/19/1943,Fun!23,476,terristrickland,Terri,0,Strickland,Employee,true
5456.43,6/16/1930,Fun!23,42,alexisacosta,Alexis,0,Acosta,Employee,false
14069.18,6/15/1949,Fun!23,204,marklozano,Mark,0,Lozano,Employee,true
16447.58,11/17/1975,Fun!23,457,trevoryoung,Trevor,0,Young,Employee,true
11635.45,5/1/1938,Fun!23,1008,laurawilliams,Laura,0,Williams,Employee,false
9078.21,5/5/1905,Fun!23,926,daltonbryant,Dalton,0,Bryant,Employee,true
13699.37,6/1/1936,Fun!23,380,shanearnold,Shane,0,Arnold,Employee,true
16581.25,9/19/1989,Fun!23,955,amyhall,Amy,0,Hall,Employee,true
13122.37,9/5/1981,Fun!23,692,johnblevins,John,0,Blevins,Employee,true
6631.17,10/5/1979,Fun!23,786,patriciamcdonald,Patricia,0,Mcdonald,Employee,false
11755.13,6/30/1989,Fun!23,718,victorharris,Victor,0,Harris,Employee,false
17960.51,3/2/1932,Fun!23,631,dereklopez,Derek,0,Lopez,Employee,false
6817.67,2/21/1979,Fun!23,1032,kimberlyharris,Kimberly,0,Harris,Employee,true
17635.4,4/4/1936,Fun!23,337,chelseaporter,Chelsea,0,Porter,Employee,false
17242.2,3/21/1975,Fun!23,11,aladdindisney,Aladdin,0,Disney,Customer,false
13985.61,12/1/1928,Fun!23,695,christinadodson,Christina,0,Dodson,Employee,false
4519.84,11/13/1941,Fun!23,330,crystaljohnson,Crystal,0,Johnson,Employee,false
10600.98,9/23/1906,Fun!23,589,josephmacdonald,Joseph,0,Macdonald,Employee,true
4720.14,1/2/1988,Fun!23,512,marychapman,Mary,0,Chapman,Employee,true
8117.44,5/4/1941,Fun!23,170,christinawalker,Christina,0,Walker,Employee,true
13673.68,3/3/1920,Fun!23,427,tiffanymay,Tiffany,0,May,Employee,false
6997.52,4/9/1902,Fun!23,610,rickparrish,Rick,0,Parrish,Employee,true
15098.47,4/26/1957,Fun!23,323,lindsaywebster,Lindsay,0,Webster,Employee,false
14209.85,4/23/1926,Fun!23,591,michelleramirez,Michelle,0,Ramirez,Employee,false
14275.09,10/17/1950,Fun!23,371,angeljoseph,Angel,0,Joseph,Employee,false
8345.49,7/28/1970,Fun!23,883,christinavillanueva,Christina,0,Villanueva,Employee,false
14971.13,11/5/1998,Fun!23,57,denisseloyavillalobos,Denisse,0,LoyaVillalobos,Employee,false
7622.33,4/23/1928,Fun!23,612,darrengibbs,Darren,0,Gibbs,Employee,false
3247.23,8/23/1928,Fun!23,940,elizabethrodriguez,Elizabeth,0,Rodriguez,Employee,false
11099.4,7/20/1923,Fun!23,358,christopherjones,Christopher,0,Jones,Employee,true
14998.29,3/24/1938,Fun!23,288,dustinoliver,Dustin,0,Oliver,Employee,true
12772.21,10/2/1954,Fun!23,275,robertdavis,Robert,0,Davis,Employee,true
6212.18,1/11/1904,Fun!23,13,mufassadisney,Mufassa,0,Disney,Customer,false
6929,11/3/1919,Fun!23,875,johnhouse,John,0,House,Employee,true
3681.79,11/29/1993,Fun!23,387,michelecummings,Michele,0,Cummings,Employee,false
10829.61,7/2/1975,Fun!23,158,melaniekirk,Melanie,0,Kirk,Employee,false
17320.4,6/9/1904,Fun!23,279,mariowalker,Mario,0,Walker,Employee,false
12988.81,10/5/1923,Fun!23,338,emmaarmstrong,Emma,0,Armstrong,Employee,false
9870.86,12/29/1906,Fun!23,50,garabdorji,Garab,0,Dorji,Employee,false
3120.32,8/23/1999,Fun!23,894,oliviarichardson,Olivia,0,Richardson,Employee,false
9690.78,8/28/1966,Fun!23,975,jerryrodriguez,Jerry,0,Rodriguez,Employee,false
7545.89,7/8/1935,Fun!23,291,kristyhoover,Kristy,0,Hoover,Employee,false
14597.8,12/1/1976,Fun!23,63,alejandroolivas,Alejandro,0,Olivas,Employee,true
9443.81,4/4/1938,Fun!23,281,gregorysullivan,Gregory,0,Sullivan,Employee,true
7209.71,2/13/2000,Fun!23,607,sarahcline,Sarah,0,Cline,Employee,false
12604.57,8/15/1946,Fun!23,848,amyparsons,Amy,0,Parsons,Employee,true
9981.68,8/25/1925,Fun!23,729,williehobbs,Willie,0,Hobbs,Employee,true
14740.05,9/20/1937,Fun!23,682,kennethdavis,Kenneth,0,Davis,Employee,true
9027.86,12/2/1917,Fun!23,621,jaredperry,Jared,0,Perry,Employee,true
11849.21,3/20/1939,Fun!23,52,joseespinoza gonzalez,Jose,0,Espinoza Gonzalez,Employee,false
7393.07,9/30/1992,Fun!23,576,bradleybell,Bradley,0,Bell,Employee,true
10941.25,8/20/1920,Fun!23,385,aliciajenkins,Alicia,0,Jenkins,Employee,false
3053.71,11/26/1999,Fun!23,751,nicolehart,Nicole,0,Hart,Employee,true
13849.97,12/20/1939,Fun!23,340,ronaldkent,Ronald,0,Kent,Employee,true
5829.36,1/13/1904,Fun!23,749,brittneydaniel,Brittney,0,Daniel,Employee,true
3546.46,3/25/1905,Fun!23,203,ethanholmes,Ethan,0,Holmes,Employee,true
13333.39,11/28/1977,Fun!23,624,michellewalsh,Michelle,0,Walsh,Employee,true
12127.86,4/12/1996,Fun!23,563,dianamatthews,Diana,0,Matthews,Employee,true
10787.92,1/22/1964,Fun!23,79,michaelsantoyo,Michael,0,Santoyo,Employee,true
17307.61,3/26/1914,Fun!23,879,jenniferdavidson,Jennifer,0,Davidson,Employee,false
12994.87,11/25/1905,Fun!23,251,darinporter,Darin,0,Porter,Employee,false
9567.56,7/21/1967,Fun!23,640,christopherfields,Christopher,0,Fields,Employee,false
4607.97,9/3/1943,Fun!23,651,elizabethreyes,Elizabeth,0,Reyes,Employee,true
13714.01,1/13/1936,Fun!23,785,patrickbennett,Patrick,0,Bennett,Employee,true
13782.96,1/27/1905,Fun!23,81,andressoto,Andres,0,Soto,Employee,false
17768.08,9/11/1993,Fun!23,59,daniellucio,Daniel,0,Lucio,Employee,true
16013.49,6/28/1985,Fun!23,770,lauriemendoza,Laurie,0,Mendoza,Employee,true
11010.35,5/16/1974,Fun!23,58,miguellucero,Miguel,0,Lucero,Employee,true
6411.83,7/27/1908,Fun!23,583,phillipbrown,Phillip,0,Brown,Employee,true
3099.65,11/22/1968,Fun!23,223,kellyyu,Kelly,0,Yu,Employee,false
14623,7/30/1994,Fun!23,528,nancyrobles,Nancy,0,Robles,Employee,true
12778.06,5/13/1919,Fun!23,665,lawrencehenry,Lawrence,0,Henry,Employee,true
6606.82,5/16/1929,Fun!23,725,joshuahickman,Joshua,0,Hickman,Employee,false
11244.12,10/9/1932,Fun!23,301,theresamacias,Theresa,0,Macias,Employee,true
17930.02,6/6/1917,Fun!23,21,belledisney,Belle,0,Disney,Customer,true
3331.19,11/12/1905,Fun!23,995,dianarivera,Diana,0,Rivera,Employee,true
3456.37,10/3/1998,Fun!23,452,jerryhampton,Jerry,0,Hampton,Employee,false
4691.71,10/31/1906,Fun!23,224,christiansmith,Christian,0,Smith,Employee,true
7541.35,3/31/1961,Fun!23,1023,lisayu,Lisa,0,Yu,Employee,true
12887.19,9/3/1946,Fun!23,417,nicolejohnson,Nicole,0,Johnson,Employee,true
16750,6/2/1925,Fun!23,819,mariayoung,Maria,0,Young,Employee,false
14837.68,1/19/1903,Fun!23,813,shawnlee,Shawn,0,Lee,Employee,true
9747.01,3/18/1960,Fun!23,524,tiffanydavis,Tiffany,0,Davis,Employee,false
5761.17,3/20/1912,Fun!23,517,michaeladams,Michael,0,Adams,Employee,true
3842.51,7/10/1906,Fun!23,30,pinocchiodisney,Pinocchio,0,Disney,Customer,false
10281.63,11/21/1972,Fun!23,664,scottdunn,Scott,0,Dunn,Employee,true
14353.14,1/20/1998,Fun!23,856,georgegilbert,George,0,Gilbert,Employee,true
11141.68,7/18/1906,Fun!23,920,donaldvillanueva,Donald,0,Villanueva,Employee,false
6077.93,9/20/1934,Fun!23,633,christopherosborne,Christopher,0,Osborne,Employee,true
14148.51,10/10/1954,Fun!23,542,amychase,Amy,0,Chase,Employee,true
11204.96,7/26/1906,Fun!23,733,michaelnunez,Michael,0,Nunez,Employee,false
11908.91,12/19/1933,Fun!23,29,evilqueen,Evil,0,Queen,Customer,true
8803.36,5/28/1950,Fun!23,283,dawnking,Dawn,0,King,Employee,false
7841.64,10/23/1988,Fun!23,745,dennissmith,Dennis,0,Smith,Employee,false
11591.7,7/17/1908,Fun!23,863,markgonzalez,Mark,0,Gonzalez,Employee,false
11812.34,6/9/1991,Fun!23,771,michelleray,Michelle,0,Ray,Employee,true
8709.54,9/10/1942,Fun!23,424,randykeller,Randy,0,Keller,Employee,true
8831.75,10/12/1992,Fun!23,851,alexanderwilson,Alexander,0,Wilson,Employee,true
16466.1,9/18/1929,Fun!23,392,devindiaz,Devin,0,Diaz,Employee,false
10641.79,11/8/1993,Fun!23,637,crystalyoung,Crystal,0,Young,Employee,true
6110.4,10/2/1940,Fun!23,179,reneezimmerman,Renee,0,Zimmerman,Employee,true
11036.86,11/19/1906,Fun!23,373,rhondakane,Rhonda,0,Kane,Employee,false
5964.97,11/30/1948,Fun!23,767,richardsullivan,Richard,0,Sullivan,Employee,false
11735.68,8/11/1972,Fun!23,919,stevenmiller,Steven,0,Miller,Employee,false
6600.9,3/23/1980,Fun!23,996,shawnsantos,Shawn,0,Santos,Employee,false
8761.54,3/27/1981,Fun!23,165,justinwilson,Justin,0,Wilson,Employee,false
17693.9,9/23/1913,Fun!23,73,jose luisrojas,Jose Luis,0,Rojas,Employee,false
7542,10/1/1928,Fun!23,766,rachelhart,Rachel,0,Hart,Employee,false
9188.73,6/23/1930,Fun!23,431,emmapadilla,Emma,0,Padilla,Employee,true
6952,1/22/1937,Fun!23,857,kristinesmith,Kristine,0,Smith,Employee,false
17494.62,4/24/1903,Fun!23,645,jessicaramirez,Jessica,0,Ramirez,Employee,true
4976.55,8/27/1901,Fun!23,962,vincentharrison,Vincent,0,Harrison,Employee,false
10303.61,6/9/1924,Fun!23,471,alyssareese,Alyssa,0,Reese,Employee,false
6282.55,1/4/1944,Fun!23,639,donaldtran,Donald,0,Tran,Employee,false
11125.89,8/21/1944,Fun!23,671,juliajones,Julia,0,Jones,Employee,true
9781.49,9/15/1982,Fun!23,530,ryanbrown,Ryan,0,Brown,Employee,true
8513.17,10/8/1932,Fun!23,246,jeffreymarquez,Jeffrey,0,Marquez,Employee,true
6593.31,10/23/1966,Fun!23,316,jonathanchristian,Jonathan,0,Christian,Employee,true
13531.68,8/31/1924,Fun!23,953,darrelljones,Darrell,0,Jones,Employee,true
14476.17,3/15/1900,Fun!23,396,anthonysims,Anthony,0,Sims,Employee,true
16370.18,7/27/1923,Fun!23,419,lisaspencer,Lisa,0,Spencer,Employee,false
7980.17,8/15/1931,Fun!23,984,monicasullivan,Monica,0,Sullivan,Employee,true
6356.63,1/31/1974,Fun!23,509,tamiweaver,Tami,0,Weaver,Employee,true
16846.65,4/11/1907,Fun!23,347,benjaminjohnson,Benjamin,0,Johnson,Employee,true
6965.23,4/6/1993,Fun!23,514,jennifermills,Jennifer,0,Mills,Employee,true
14190.87,3/23/1982,Fun!23,698,perryhill,Perry,0,Hill,Employee,true
14040.04,4/17/1901,Fun!23,969,amyfuller,Amy,0,Fuller,Employee,true
13672.94,7/21/1952,Fun!23,797,erinmejia,Erin,0,Mejia,Employee,false
12935.72,2/13/1932,Fun!23,871,bryanwise,Bryan,0,Wise,Employee,true
17181.28,8/27/1945,Fun!23,889,jorgehuerta,Jorge,0,Huerta,Employee,true
16665.2,9/9/1930,Fun!23,352,donaldhaynes,Donald,0,Haynes,Employee,false
14157.01,2/5/1990,Fun!23,689,josefarley,Jose,0,Farley,Employee,false
3823.51,12/6/1977,Fun!23,110,crystalhudson,Crystal,0,Hudson,Employee,true
16711.68,10/12/1913,Fun!23,672,jenniferschultz,Jennifer,0,Schultz,Employee,true
12062.85,11/14/1922,Fun!23,617,andrewmarshall,Andrew,0,Marshall,Employee,true
16634.74,6/13/1953,Fun!23,825,jamessimpson,James,0,Simpson,Employee,false
10446.96,10/8/1944,Fun!23,901,emilychang,Emily,0,Chang,Employee,true
8290.77,1/10/1976,Fun!23,27,captaiinhook,Captaiin,0,Hook,Customer,false
12392.61,7/7/2000,Fun!23,834,sarahstanton,Sarah,0,Stanton,Employee,true
14875.89,5/23/1925,Fun!23,243,ashleyjones,Ashley,0,Jones,Employee,true
9862.3,9/19/1913,Fun!23,792,alyssakelly,Alyssa,0,Kelly,Employee,false
7486.87,6/4/1933,Fun!23,498,brittanynielsen,Brittany,0,Nielsen,Employee,false
12251.52,8/1/1912,Fun!23,324,michelleortiz,Michelle,0,Ortiz,Employee,false
9310.57,8/3/1908,Fun!23,1027,erinbarton,Erin,0,Barton,Employee,true
16725.9,2/18/1960,Fun!23,896,amymorse,Amy,0,Morse,Employee,false
9753.07,3/15/1927,Fun!23,178,shannonholden,Shannon,0,Holden,Employee,true
10232.35,2/18/1982,Fun!23,7,daledisney,Dale,0,Disney,Customer,true
7270.76,3/27/1938,Fun!23,758,brianrojas,Brian,0,Rojas,Employee,true
6417.15,9/4/1964,Fun!23,553,williamevans,William,0,Evans,Employee,true
6415.37,3/20/1964,Fun!23,655,ginaswanson,Gina,0,Swanson,Employee,true
10860.17,12/28/1993,Fun!23,765,williamrice,William,0,Rice,Employee,true
7919.36,3/6/1928,Fun!23,921,garymckenzie,Gary,0,Mckenzie,Employee,false
4845.59,12/8/1992,Fun!23,173,jillhenderson,Jill,0,Henderson,Employee,false
5013.39,2/25/1977,Fun!23,414,johnwhite,John,0,White,Employee,true
11327.37,7/30/2000,Fun!23,649,joannaknight,Joanna,0,Knight,Employee,true
16828.65,12/30/1901,Fun!23,559,bobbygonzales,Bobby,0,Gonzales,Employee,true
8279.64,9/18/1972,Fun!23,744,angelacarney,Angela,0,Carney,Employee,true
5080.76,6/1/1960,Fun!23,124,pamelacarter,Pamela,0,Carter,Employee,false
3926.54,7/21/1951,Fun!23,333,alexandercameron,Alexander,0,Cameron,Employee,true
8842.61,10/26/1984,Fun!23,272,tanyadavis,Tanya,0,Davis,Employee,false
17299.62,3/7/1934,Fun!23,947,ashleyfrye,Ashley,0,Frye,Employee,false
12750.29,7/5/1974,Fun!23,456,deborahscott,Deborah,0,Scott,Employee,true
7665.17,11/24/1943,Fun!23,554,dakotaharper,Dakota,0,Harper,Employee,true
8765.79,2/4/1963,Fun!23,462,kevinlarson,Kevin,0,Larson,Employee,false
7534.28,9/17/1917,Fun!23,776,bryanfields,Bryan,0,Fields,Employee,true
4508.44,9/24/1981,Fun!23,401,michaelcastillo,Michael,0,Castillo,Employee,true
15489.31,4/10/1968,Fun!23,795,markstewart,Mark,0,Stewart,Employee,false
5824.9,2/9/1953,Fun!23,824,josephfritz,Joseph,0,Fritz,Employee,false
10254.27,2/15/1995,Fun!23,537,darlenerussell,Darlene,0,Russell,Employee,true
4224.92,11/16/1924,Fun!23,897,barbaralove,Barbara,0,Love,Employee,false
4282.1,8/10/1932,Fun!23,775,lorijohnson,Lori,0,Johnson,Employee,true
17676.4,11/18/1902,Fun!23,72,jorgerodriguezortega,Jorge,0,RodriguezOrtega,Employee,true
15608.27,12/10/1942,Fun!23,982,sarawest,Sara,0,West,Employee,false
15141.07,1/13/1919,Fun!23,161,susanhill,Susan,0,Hill,Employee,true
3710.4,1/5/1960,Fun!23,782,alexandrasimpson,Alexandra,0,Simpson,Employee,false
6364.58,4/1/1923,Fun!23,858,kevinharrison,Kevin,0,Harrison,Employee,true
5613.41,3/14/1972,Fun!23,688,annmiller,Ann,0,Miller,Employee,true
5771.51,12/23/1965,Fun!23,584,andrewtorres,Andrew,0,Torres,Employee,false
17241.99,8/17/1973,Fun!23,89,jeffreywalls,Jeffrey,0,Walls,Employee,true
15640.72,3/11/1979,Fun!23,650,davidcox,David,0,Cox,Employee,false
17713.92,5/6/1911,Fun!23,432,beckygray,Becky,0,Gray,Employee,false
11609.97,4/28/1905,Fun!23,862,brandonmiller,Brandon,0,Miller,Employee,true
12343.94,4/20/1962,Fun!23,933,kimberlymiller,Kimberly,0,Miller,Employee,false
8626.64,1/4/1994,Fun!23,248,christopherwright,Christopher,0,Wright,Employee,true
17296.49,4/11/1913,Fun!23,307,elizabethkim,Elizabeth,0,Kim,Employee,true
14847,7/11/1904,Fun!23,934,denniscooper,Dennis,0,Cooper,Employee,false
10538.67,3/15/1907,Fun!23,194,oliviaromero,Olivia,0,Romero,Employee,true
8445.77,5/20/1934,Fun!23,575,daniellegardner,Danielle,0,Gardner,Employee,false
5481.04,11/15/1967,Fun!23,491,jessicaanderson,Jessica,0,Anderson,Employee,true
7401.26,2/25/1921,Fun!23,383,thomaselliott,Thomas,0,Elliott,Employee,false
12120.15,10/6/1955,Fun!23,634,mercedesnichols,Mercedes,0,Nichols,Employee,true
10952.89,12/23/1935,Fun!23,930,jenniferschneider,Jennifer,0,Schneider,Employee,false
11705.41,6/22/1989,Fun!23,754,elizabethtorres,Elizabeth,0,Torres,Employee,false
15584.36,2/27/1933,Fun!23,198,samanthahowell,Samantha,0,Howell,Employee,true
7158.26,11/4/1997,Fun!23,407,ricardorodriguez,Ricardo,0,Rodriguez,Employee,true
11108.5,8/24/1904,Fun!23,413,zacharytran,Zachary,0,Tran,Employee,false
16635.65,11/12/1990,Fun!23,123,jamesking,James,0,King,Employee,false
16945.39,8/27/1944,Fun!23,164,haleymoss,Haley,0,Moss,Employee,true
9594.38,1/1/1992,Fun!23,32,quasimododisney,Quasimodo,0,Disney,Customer,true
8087.31,5/9/1956,Fun!23,660,anthonymoore,Anthony,0,Moore,Employee,false
11903.72,11/4/1990,Fun!23,132,kimberlykline,Kimberly,0,Kline,Employee,false
4318.35,7/3/1923,Fun!23,210,jeffreydelgado,Jeffrey,0,Delgado,Employee,false
5874.42,8/5/1973,Fun!23,891,laurencoleman,Lauren,0,Coleman,Employee,false
7077.18,11/15/1978,Fun!23,840,sandranewton,Sandra,0,Newton,Employee,true
16031.41,6/21/1938,Fun!23,351,sarahmosley,Sarah,0,Mosley,Employee,false
15176.93,7/1/1911,Fun!23,918,lisajackson,Lisa,0,Jackson,Employee,true
8762.57,3/31/1977,Fun!23,245,dorothycox,Dorothy,0,Cox,Employee,false
9597.04,6/27/1916,Fun!23,594,anthonybrooks,Anthony,0,Brooks,Employee,false
10953.96,1/12/1911,Fun!23,216,virginiaphelps,Virginia,0,Phelps,Employee,false
7635.46,8/31/1908,Fun!23,310,denisemorales,Denise,0,Morales,Employee,true
14257.63,12/25/1974,Fun!23,873,mindyross,Mindy,0,Ross,Employee,true
6905.54,6/24/1925,Fun!23,3,minniemouse,Minnie,0,Mouse,Customer,false
7258.68,8/13/1904,Fun!23,535,michellepruitt,Michelle,0,Pruitt,Employee,false
9441.98,10/13/1996,Fun!23,603,briangates,Brian,0,Gates,Employee,true
13616.11,12/26/1955,Fun!23,760,tiffanyjones,Tiffany,0,Jones,Employee,false
3167.6,9/13/1949,Fun!23,75,gustavorubio,Gustavo,0,Rubio,Employee,false
16822.53,7/21/1935,Fun!23,241,kayleepatterson,Kaylee,0,Patterson,Employee,true
15160.45,6/20/1986,Fun!23,668,brittanyrichard,Brittany,0,Richard,Employee,false
16601.25,6/29/1908,Fun!23,329,staceypaul,Stacey,0,Paul,Employee,true
9126.97,5/12/1985,Fun!23,882,tyronealvarado,Tyrone,0,Alvarado,Employee,true
12339.9,10/4/1900,Fun!23,36,stitchdisney,Stitch,0,Disney,Customer,true
16809.67,10/11/1974,Fun!23,847,robinwilson,Robin,0,Wilson,Employee,false
9359.26,3/24/1973,Fun!23,149,nancymorgan,Nancy,0,Morgan,Employee,true
9777.35,6/17/1940,Fun!23,70,brianrodilesdelgado,Brian,0,RodilesDelgado,Employee,false
14079.54,1/9/1991,Fun!23,697,jeffreybest,Jeffrey,0,Best,Employee,true
9845.94,12/12/1910,Fun!23,939,carolelliott,Carol,0,Elliott,Employee,true
3661.08,7/7/1973,Fun!23,254,davidwright,David,0,Wright,Employee,true
6472.78,11/5/1975,Fun!23,704,christopherdavis,Christopher,0,Davis,Employee,true
13710.9,2/22/1929,Fun!23,398,benjaminramirez,Benjamin,0,Ramirez,Employee,true
6611.6,8/9/1942,Fun!23,643,nicholascopeland,Nicholas,0,Copeland,Employee,true
10308,8/24/1911,Fun!23,147,rachelvasquez,Rachel,0,Vasquez,Employee,false
5537.99,7/20/1906,Fun!23,800,hollydavidson,Holly,0,Davidson,Employee,false
11957.78,12/3/1903,Fun!23,231,joannatrevino,Joanna,0,Trevino,Employee,true
17710.98,3/9/1986,Fun!23,937,denisejohnson,Denise,0,Johnson,Employee,true
9929.35,8/21/1921,Fun!23,357,elizabethcordova,Elizabeth,0,Cordova,Employee,false
15469.91,7/21/1958,Fun!23,237,andrewcampos,Andrew,0,Campos,Employee,false
10296.04,7/1/1974,Fun!23,83,sonamtshering,Sonam,0,Tshering,Employee,false
14064.84,6/13/1947,Fun!23,20,beastdisney,Beast,0,Disney,Customer,true
17861.85,1/22/1977,Fun!23,213,leeburke,Lee,0,Burke,Employee,true
10342.47,5/17/1989,Fun!23,844,lindamiller,Linda,0,Miller,Employee,false
4648.5,2/12/1944,Fun!23,570,mistyjimenez,Misty,0,Jimenez,Employee,false
5015.8,10/15/1928,Fun!23,99,christophercontreras,Christopher,0,Contreras,Employee,false
15844.41,11/6/1956,Fun!23,508,michaelamiranda,Michaela,0,Miranda,Employee,true
7677.43,6/27/1944,Fun!23,783,richardpaul,Richard,0,Paul,Employee,false
7809.7,4/22/1958,Fun!23,1011,charleschambers,Charles,0,Chambers,Employee,true
3057.79,2/5/1993,Fun!23,605,antonioedwards,Antonio,0,Edwards,Employee,false
10579.45,11/20/1908,Fun!23,315,lisagaines,Lisa,0,Gaines,Employee,true
14936.43,10/13/1996,Fun!23,1014,austinlewis,Austin,0,Lewis,Employee,true
5321.77,6/2/1997,Fun!23,421,anthonyhunter,Anthony,0,Hunter,Employee,true
10115.63,12/30/1917,Fun!23,924,matthewkhan,Matthew,0,Khan,Employee,false
15822.29,12/27/1929,Fun!23,885,emilycole,Emily,0,Cole,Employee,true
17004.33,5/18/1922,Fun!23,674,michaelparrish,Michael,0,Parrish,Employee,false
5089.27,2/18/1998,Fun!23,708,johndavis,John,0,Davis,Employee,true
14127.66,10/26/1965,Fun!23,9,arieldisney,Ariel,0,Disney,Customer,false
7235.86,4/3/1965,Fun!23,144,toddbrooks,Todd,0,Brooks,Employee,false
14314.26,7/11/1926,Fun!23,410,rayhuynh,Ray,0,Huynh,Employee,true
13076.38,6/29/1987,Fun!23,988,carmenpetersen,Carmen,0,Petersen,Employee,false
15188.42,11/13/1923,Fun!23,684,rebeccanguyen,Rebecca,0,Nguyen,Employee,false
10476.09,5/31/1968,Fun!23,1039,kendrasawyer,Kendra,0,Sawyer,Employee,false
9742.32,1/10/1975,Fun!23,791,timothyjohnson,Timothy,0,Johnson,Employee,false
13666.41,3/17/1929,Fun!23,388,craigoconnell,Craig,0,Oconnell,Employee,true
11353.79,6/9/1952,Fun!23,970,jeremyrocha,Jeremy,0,Rocha,Employee,false
17274.28,8/24/1926,Fun!23,485,samanthacooper,Samantha,0,Cooper,Employee,false
14277.59,2/20/1919,Fun!23,908,carlosirwin,Carlos,0,Irwin,Employee,true
17855.31,10/27/1979,Fun!23,227,robertogutierrez,Roberto,0,Gutierrez,Employee,false
3992.54,11/8/1934,Fun!23,555,marthaperry,Martha,0,Perry,Employee,true
6836.47,8/25/1938,Fun!23,985,luissolomon,Luis,0,Solomon,Employee,true
3006.24,1/27/1984,Fun!23,1033,angelaenglish,Angela,0,English,Employee,false
12790.93,1/9/1935,Fun!23,350,deborahhunt,Deborah,0,Hunt,Employee,false
16048.38,2/15/1947,Fun!23,295,susandavis,Susan,0,Davis,Employee,true
17094.07,7/21/1933,Fun!23,342,denisewilliams,Denise,0,Williams,Employee,false
4634.33,5/17/1952,Fun!23,596,jamesbrennan,James,0,Brennan,Employee,false
16910.92,9/3/1986,Fun!23,869,kennethhouse,Kenneth,0,House,Employee,false
15479.98,2/23/1961,Fun!23,484,juliangutierrez,Julian,0,Gutierrez,Employee,false
12259.69,6/7/1953,Fun!23,802,michelleoliver,Michelle,0,Oliver,Employee,false
4619.25,11/1/1975,Fun!23,440,aprilturner,April,0,Turner,Employee,false
13379.84,6/9/1914,Fun!23,43,akinyemiakinjayeju,Akinyemi,0,Akinjayeju,Employee,false
9625.52,6/28/1974,Fun!23,850,alisonhicks,Alison,0,Hicks,Employee,false
16837.33,8/10/1979,Fun!23,111,travismcdonald,Travis,0,Mcdonald,Employee,false
4731.11,2/26/1989,Fun!23,622,natalierichardson,Natalie,0,Richardson,Employee,true
5483.71,1/12/1953,Fun!23,968,kristabeck,Krista,0,Beck,Employee,false
4495.65,3/29/1930,Fun!23,826,ernestbentley,Ernest,0,Bentley,Employee,true
17811.3,3/13/1949,Fun!23,687,marygonzalez,Mary,0,Gonzalez,Employee,true
16031.78,10/17/1929,Fun!23,278,susangarcia,Susan,0,Garcia,Employee,false
17695.57,9/17/1917,Fun!23,1031,wendyphillips,Wendy,0,Phillips,Employee,false
15290.99,8/28/1928,Fun!23,19,urselamermaid,Ursela,0,Mermaid,Customer,true
10100.09,4/16/1918,Fun!23,374,jeffreygonzalez,Jeffrey,0,Gonzalez,Employee,false
15267.66,8/28/1978,Fun!23,567,barbaralane,Barbara,0,Lane,Employee,false
11291.58,10/10/1949,Fun!23,598,sarahanderson,Sarah,0,Anderson,Employee,true
5275.13,2/21/1974,Fun!23,935,philliprichardson,Phillip,0,Richardson,Employee,false
8981.96,1/6/1987,Fun!23,159,michaelmoran,Michael,0,Moran,Employee,true
3436.65,8/26/1970,Fun!23,992,paulsalas,Paul,0,Salas,Employee,true
6791.73,5/4/1912,Fun!23,881,brettwallace,Brett,0,Wallace,Employee,false
8049.27,9/16/1923,Fun!23,221,lisagarrett,Lisa,0,Garrett,Employee,true
7088.85,7/12/1982,Fun!23,168,anthonysanchez,Anthony,0,Sanchez,Employee,false
14803.76,4/14/1965,Fun!23,748,sandyblackwell,Sandy,0,Blackwell,Employee,true
12240.4,1/3/1998,Fun!23,326,melissarivera,Melissa,0,Rivera,Employee,false
17857.04,3/23/1984,Fun!23,961,ashleymorales,Ashley,0,Morales,Employee,false
3820.09,6/7/1939,Fun!23,17,buzzlightyear,Buzz,0,Lightyear,Customer,false
15677.89,2/20/1917,Fun!23,499,jessicafrye,Jessica,0,Frye,Employee,false
8466.21,1/17/1961,Fun!23,951,katherinemcdonald,Katherine,0,Mcdonald,Employee,true
14462.13,5/19/1959,Fun!23,680,tyronejohnston,Tyrone,0,Johnston,Employee,false
16079.66,3/17/1984,Fun!23,569,martinedwards,Martin,0,Edwards,Employee,true
3173.71,12/15/1912,Fun!23,642,kristalambert,Krista,0,Lambert,Employee,true
5558.75,10/1/1906,Fun!23,119,seanroberts,Sean,0,Roberts,Employee,false
3543.45,8/25/1977,Fun!23,573,brandondillon,Brandon,0,Dillon,Employee,false
10464.06,5/14/1946,Fun!23,222,marklee,Mark,0,Lee,Employee,true
15564.68,6/25/1929,Fun!23,722,jorgehaley,Jorge,0,Haley,Employee,true
6651.35,9/26/1973,Fun!23,814,brandidaniel,Brandi,0,Daniel,Employee,true
13887.35,10/25/1942,Fun!23,446,ryanwilkins,Ryan,0,Wilkins,Employee,false
4933.53,7/7/1980,Fun!23,565,rickygardner,Ricky,0,Gardner,Employee,false
11265.15,4/7/1918,Fun!23,302,lancedominguez,Lance,0,Dominguez,Employee,false
9387.72,7/15/1982,Fun!23,379,marystevens,Mary,0,Stevens,Employee,true
16916.55,3/5/1929,Fun!23,696,andrewatkins,Andrew,0,Atkins,Employee,false
3209.79,11/22/1906,Fun!23,942,sharoncastillo,Sharon,0,Castillo,Employee,true
8401.95,4/10/1996,Fun!23,876,carolyndunn,Carolyn,0,Dunn,Employee,true
7643.71,5/11/1950,Fun!23,699,marylee,Mary,0,Lee,Employee,false
16962.5,2/22/1901,Fun!23,711,mirandamason,Miranda,0,Mason,Employee,true
16508.27,6/17/1991,Fun!23,842,danamiller,Dana,0,Miller,Employee,true
6017.04,2/12/1906,Fun!23,219,cesarjones,Cesar,0,Jones,Employee,true
16182.2,3/23/1959,Fun!23,1018,jamesmitchell,James,0,Mitchell,Employee,true
4935.54,2/1/1907,Fun!23,365,peggymurphy,Peggy,0,Murphy,Employee,false
7287.07,6/27/1916,Fun!23,312,gregorymaxwell,Gregory,0,Maxwell,Employee,true
7917.12,8/1/1954,Fun!23,1002,andrewhall,Andrew,0,Hall,Employee,false
8023.72,1/27/1958,Fun!23,561,geraldbeltran,Gerald,0,Beltran,Employee,false
17706.85,6/28/1970,Fun!23,463,alexandrafox,Alexandra,0,Fox,Employee,true
12950.06,12/2/1926,Fun!23,102,ericaharrison,Erica,0,Harrison,Employee,false
9204.99,3/11/1948,Fun!23,87,albertovillegas,Alberto,0,Villegas,Employee,false
10807.5,5/1/1956,Fun!23,309,amybradley,Amy,0,Bradley,Employee,true
16017.18,6/6/1987,Fun!23,746,jaredscott,Jared,0,Scott,Employee,true
10820.25,5/29/1989,Fun!23,579,davidcosta,David,0,Costa,Employee,true
7646.81,10/30/1931,Fun!23,948,ronaldmartinez,Ronald,0,Martinez,Employee,true
9833.14,9/9/1947,Fun!23,507,hannahmaldonado,Hannah,0,Maldonado,Employee,true
11712.98,11/29/1937,Fun!23,1017,kimcraig,Kim,0,Craig,Employee,true
12984.37,7/24/1994,Fun!23,186,codyscott,Cody,0,Scott,Employee,true
17616.77,10/23/1947,Fun!23,544,angelawalker,Angela,0,Walker,Employee,true
3220.32,9/6/1981,Fun!23,242,jameshenderson,James,0,Henderson,Employee,false
12945.24,9/16/1929,Fun!23,116,douglasrodriguez,Douglas,0,Rodriguez,Employee,true
8588.75,7/27/1989,Fun!23,903,christinacarter,Christina,0,Carter,Employee,false
15034.76,11/25/1959,Fun!23,38,ashleygilmore,Ashley,0,Gilmore,Employee,true
13270.55,1/15/1941,Fun!23,114,michelestevens,Michele,0,Stevens,Employee,true
5434.83,3/26/1927,Fun!23,515,wendycampos,Wendy,0,Campos,Employee,false
6751.37,9/1/1974,Fun!23,193,jeremymorris,Jeremy,0,Morris,Employee,false
14063.2,12/7/1960,Fun!23,332,amandashepherd,Amanda,0,Shepherd,Employee,false
15065.4,1/21/1947,Fun!23,162,laurenneal,Lauren,0,Neal,Employee,false
17714.76,12/7/1965,Fun!23,860,lisapeters,Lisa,0,Peters,Employee,true
7592.57,3/2/1901,Fun!23,946,brettmathis,Brett,0,Mathis,Employee,false
4434.57,8/20/1934,Fun!23,653,jamesanderson,James,0,Anderson,Employee,true
4468.87,5/13/1924,Fun!23,78,luissanchez,Luis,0,Sanchez,Employee,true
9407.25,5/30/1910,Fun!23,597,heatherrobbins,Heather,0,Robbins,Employee,true
16858.85,2/28/1935,Fun!23,84,christinavaltierra,Christina,0,Valtierra,Employee,true
4174.68,1/2/1904,Fun!23,416,huntermoore,Hunter,0,Moore,Employee,true
3496.34,3/15/1956,Fun!23,148,ashleyevans,Ashley,0,Evans,Employee,false
15274.83,9/30/1942,Fun!23,1020,tonyaelliott,Tonya,0,Elliott,Employee,true
13449.53,4/21/1937,Fun!23,741,henrysalazar,Henry,0,Salazar,Employee,true
11021.75,3/25/1952,Fun!23,209,shirleyfoster,Shirley,0,Foster,Employee,false
3939.26,3/28/1907,Fun!23,67,enriquerico,Enrique,0,Rico,Employee,true
3722.6,6/10/1962,Fun!23,400,jessicafernandez,Jessica,0,Fernandez,Employee,true
9552.06,5/9/1914,Fun!23,82,gabrielterrazas,Gabriel,0,Terrazas,Employee,true
17698.74,9/6/1986,Fun!23,958,beckysimpson,Becky,0,Simpson,Employee,true
12537.1,10/20/1943,Fun!23,121,beverlyjohnson,Beverly,0,Johnson,Employee,true
3965.5,3/31/1982,Fun!23,120,brittanyhawkins,Brittany,0,Hawkins,Employee,true
14033.88,1/1/1967,Fun!23,829,julieshaw,Julie,0,Shaw,Employee,false
13022.63,9/18/1976,Fun!23,685,annadavis,Anna,0,Davis,Employee,true
9084.07,11/8/1996,Fun!23,280,marychurch,Mary,0,Church,Employee,false
10412.86,4/3/1928,Fun!23,255,jessicamartin,Jessica,0,Martin,Employee,false
7189.29,11/3/1904,Fun!23,96,seanklein,Sean,0,Klein,Employee,true
4692.85,8/1/1961,Fun!23,107,michaelsanchez,Michael,0,Sanchez,Employee,false
9723.8,8/19/1945,Fun!23,10,jasminedisney,Jasmine,0,Disney,Customer,true
17342.71,4/17/1953,Fun!23,238,jessemontgomery,Jesse,0,Montgomery,Employee,false
12285.58,6/20/1956,Fun!23,866,jodysanchez,Jody,0,Sanchez,Employee,true
10100.04,1/2/1986,Fun!23,750,rebeccafisher,Rebecca,0,Fisher,Employee,true
11003.7,11/1/1965,Fun!23,5,plutodisney,Pluto,0,Disney,Customer,false
7107.51,1/24/1972,Fun!23,789,teresataylor,Teresa,0,Taylor,Employee,false
14568.89,3/18/1989,Fun!23,859,karldavis,Karl,0,Davis,Employee,true
17304.49,9/26/1941,Fun!23,269,michellejones,Michelle,0,Jones,Employee,false
8387.83,1/21/1979,Fun!23,683,sarahgriffin,Sarah,0,Griffin,Employee,false
16105.62,5/14/1909,Fun!23,160,jasonburke,Jason,0,Burke,Employee,true
14604.54,1/5/1941,Fun!23,479,wesleylambert,Wesley,0,Lambert,Employee,true
17351.45,2/22/1934,Fun!23,16,woodydisney,Woody,0,Disney,Customer,false
16713.73,3/5/1927,Fun!23,90,alexwatson,Alex,0,Watson,Employee,true
11731.23,12/31/1946,Fun!23,486,kevingould,Kevin,0,Gould,Employee,true
3192.89,2/17/1989,Fun!23,756,megansmith,Megan,0,Smith,Employee,true
3903.71,5/8/1922,Fun!23,999,kimberlymejia,Kimberly,0,Mejia,Employee,false
3697.49,10/18/1975,Fun!23,1,mickeymouse,Mickey,0,Mouse,Customer,true
11907.36,8/20/1910,Fun!23,928,marygrant,Mary,0,Grant,Employee,false
16570.32,6/25/1934,Fun!23,314,matthewcampbell,Matthew,0,Campbell,Employee,false
10253.93,11/5/1948,Fun!23,188,keithortiz,Keith,0,Ortiz,Employee,false
16352.05,2/27/1906,Fun!23,884,markwashington,Mark,0,Washington,Employee,true
6586.74,6/27/1923,Fun!23,197,nicolerowland,Nicole,0,Rowland,Employee,true
4224.38,8/7/1937,Fun!23,270,angelicabruce,Angelica,0,Bruce,Employee,true
8341.65,12/11/1945,Fun!23,849,philipholt,Philip,0,Holt,Employee,false
16654.85,8/23/1990,Fun!23,987,stacymaldonado,Stacy,0,Maldonado,Employee,true
7959.65,10/20/1912,Fun!23,845,jacobnorton,Jacob,0,Norton,Employee,true
5881.51,2/24/1903,Fun!23,675,alyssapoole,Alyssa,0,Poole,Employee,false
12147.47,3/5/1951,Fun!23,425,brandonneal,Brandon,0,Neal,Employee,true
3652.22,3/13/1960,Fun!23,477,amyrodriguez,Amy,0,Rodriguez,Employee,false
9297.58,11/3/1997,Fun!23,679,lisamiller,Lisa,0,Miller,Employee,true
8658.22,1/1/1931,Fun!23,1029,jessicasmith,Jessica,0,Smith,Employee,true
12583.01,8/13/1987,Fun!23,616,jerrysmith,Jerry,0,Smith,Employee,true
15658.77,9/14/1908,Fun!23,366,edwardjohnson,Edward,0,Johnson,Employee,false
8104.3,4/5/1968,Fun!23,922,gregoryshort,Gregory,0,Short,Employee,true
15483.56,12/24/1905,Fun!23,51,marcdriver,Marc,0,Driver,Employee,true
10082.68,6/27/1940,Fun!23,236,josephlewis,Joseph,0,Lewis,Employee,false
13176.49,11/19/1905,Fun!23,261,matthewerickson,Matthew,0,Erickson,Employee,true
10620.34,2/25/1955,Fun!23,976,donaldramirez,Donald,0,Ramirez,Employee,false
11122.49,3/19/1975,Fun!23,902,pennymcdaniel,Penny,0,Mcdaniel,Employee,true
5180.61,6/15/1971,Fun!23,830,markthompson,Mark,0,Thompson,Employee,false
3148.27,4/12/1974,Fun!23,420,justinmartinez,Justin,0,Martinez,Employee,true
10198.93,12/4/1967,Fun!23,294,tamialexander,Tami,0,Alexander,Employee,false
3733.15,12/8/1979,Fun!23,359,robertwilson,Robert,0,Wilson,Employee,false
5658.43,1/26/1931,Fun!23,735,christopherunderwood,Christopher,0,Underwood,Employee,true
10866.75,7/7/1926,Fun!23,545,kyliesummers,Kylie,0,Summers,Employee,true
5683.2,10/5/1954,Fun!23,97,stephaniemcdonald,Stephanie,0,Mcdonald,Employee,false
4169.43,3/10/1920,Fun!23,356,williamwolf,William,0,Wolf,Employee,true
4711.94,8/31/1961,Fun!23,473,brianlopez,Brian,0,Lopez,Employee,false
3674.37,12/26/1975,Fun!23,852,nicolelloyd,Nicole,0,Lloyd,Employee,true
17122.54,8/9/1942,Fun!23,993,danielleconrad,Danielle,0,Conrad,Employee,true
13699.06,3/1/1941,Fun!23,250,alejandramorris,Alejandra,0,Morris,Employee,true
4929.32,8/16/1959,Fun!23,195,nicholasanderson,Nicholas,0,Anderson,Employee,true
5587.32,10/22/1961,Fun!23,103,katherineevans,Katherine,0,Evans,Employee,true
9433.7,12/12/1936,Fun!23,163,jenniferwilliams,Jennifer,0,Williams,Employee,false
5572.53,4/11/1945,Fun!23,384,elizabethalvarez,Elizabeth,0,Alvarez,Employee,false
14996.47,1/31/1956,Fun!23,68,emiliarivas,Emilia,0,Rivas,Employee,true
8956.91,1/15/1909,Fun!23,361,antoniobrooks,Antonio,0,Brooks,Employee,false
11434.67,6/10/1921,Fun!23,131,shanemiller,Shane,0,Miller,Employee,true
4444.42,8/28/1942,Fun!23,35,lilodisney,Lilo,0,Disney,Customer,true
9338.25,2/17/1935,Fun!23,2,donaldduck,Donald,0,Duck,Customer,true
5253.66,9/16/1926,Fun!23,34,mulandisney,Mulan,0,Disney,Customer,true
11635.4,2/15/1949,Fun!23,94,danawilliams,Dana,0,Williams,Employee,false
5048.76,5/27/1958,Fun!23,963,christopherberry,Christopher,0,Berry,Employee,true
6138.35,3/5/1956,Fun!23,912,deannacummings,Deanna,0,Cummings,Employee,true
6276.6,3/29/1908,Fun!23,101,patrickhenderson,Patrick,0,Henderson,Employee,true
17309.52,10/13/1919,Fun!23,318,rachelphillips,Rachel,0,Phillips,Employee,true
7529.95,11/6/1963,Fun!23,904,jenniferhuang,Jennifer,0,Huang,Employee,true
13841.36,3/12/1948,Fun!23,445,brandonsmith,Brandon,0,Smith,Employee,false
10240.03,8/13/1977,Fun!23,423,elizabethcruz,Elizabeth,0,Cruz,Employee,true
16342.77,4/2/1974,Fun!23,54,omarhoang,Omar,0,Hoang,Employee,false
7104.65,4/2/1989,Fun!23,435,raymondwoodward,Raymond,0,Woodward,Employee,false
9492.7,2/5/1952,Fun!23,967,andreariley,Andrea,0,Riley,Employee,false
7569.94,5/31/1965,Fun!23,932,davidhayes,David,0,Hayes,Employee,true
16100.58,8/21/1929,Fun!23,505,angelalang,Angela,0,Lang,Employee,true
4833.1,7/27/1947,Fun!23,426,marklamb,Mark,0,Lamb,Employee,true
3732.1,11/14/1959,Fun!23,325,cherylwilson,Cheryl,0,Wilson,Employee,true
13203.04,9/16/1906,Fun!23,666,gabrielsanders,Gabriel,0,Sanders,Employee,true
4004,12/2/1908,Fun!23,872,josephrobinson,Joseph,0,Robinson,Employee,false
16405.83,5/31/1998,Fun!23,719,phillipmeyer,Phillip,0,Meyer,Employee,true
6395.14,4/11/1971,Fun!23,504,debrablackwell,Debra,0,Blackwell,Employee,false
9968.57,1/8/1955,Fun!23,1003,davidjohnson,David,0,Johnson,Employee,true
7438.98,8/20/1957,Fun!23,230,shannonavery,Shannon,0,Avery,Employee,false
3296.65,11/6/1941,Fun!23,1022,bryanmassey,Bryan,0,Massey,Employee,true
3226.64,4/12/1928,Fun!23,816,aliciamoran,Alicia,0,Moran,Employee,true
14727.37,7/15/1909,Fun!23,641,luisjohnson,Luis,0,Johnson,Employee,false
10107.53,6/20/1903,Fun!23,747,monicacraig,Monica,0,Craig,Employee,false
11130.92,4/27/1950,Fun!23,886,kellyherring,Kelly,0,Herring,Employee,false
15923.24,7/23/1944,Fun!23,864,christopherlucero,Christopher,0,Lucero,Employee,true
10945.66,1/11/1943,Fun!23,454,michellesexton,Michelle,0,Sexton,Employee,true
11510.79,4/3/1973,Fun!23,877,curtisphillips,Curtis,0,Phillips,Employee,false
15562.94,7/1/1900,Fun!23,799,stephanieobrien,Stephanie,0,Obrien,Employee,false
6783.35,4/10/1976,Fun!23,721,carmenhays,Carmen,0,Hays,Employee,false
10051.85,12/6/1975,Fun!23,196,kimbuckley,Kim,0,Buckley,Employee,false
7177.93,8/23/1986,Fun!23,838,victoriawhite,Victoria,0,White,Employee,false
8127.27,5/7/1983,Fun!23,717,danielsmith,Daniel,0,Smith,Employee,false
16254.07,7/10/1941,Fun!23,422,dorismoore,Doris,0,Moore,Employee,true
6495.16,10/29/1984,Fun!23,521,michaelmorton,Michael,0,Morton,Employee,true
11810.85,9/18/1968,Fun!23,973,terrencedixon,Terrence,0,Dixon,Employee,false
5235.43,1/24/1980,Fun!23,710,douglashernandez,Douglas,0,Hernandez,Employee,true
10315.86,7/23/1940,Fun!23,662,derekmacias,Derek,0,Macias,Employee,true
8862.42,7/17/1957,Fun!23,44,bryanarriaga,Bryan,0,Arriaga,Employee,true
16633.78,3/19/1900,Fun!23,837,cynthiaellis,Cynthia,0,Ellis,Employee,true
17531.39,8/9/1930,Fun!23,657,stephaniekirby,Stephanie,0,Kirby,Employee,false
17931.1,5/25/1970,Fun!23,552,kellyharris,Kelly,0,Harris,Employee,false
14737.36,8/10/1934,Fun!23,442,michaelmurray,Michael,0,Murray,Employee,false
10634.68,7/21/1949,Fun!23,339,courtneyjohnson,Courtney,0,Johnson,Employee,true
9247.33,5/30/1937,Fun!23,738,michaelmccormick,Michael,0,Mccormick,Employee,true
6877.84,10/8/1948,Fun!23,218,timothyromero,Timothy,0,Romero,Employee,false
17143.4,12/21/1903,Fun!23,233,alexanderkelly,Alexander,0,Kelly,Employee,true
14463.85,1/4/1923,Fun!23,694,timothybernard,Timothy,0,Bernard,Employee,false
5511.62,1/15/1991,Fun!23,187,jeremyalvarez,Jeremy,0,Alvarez,Employee,true
3953.75,12/5/1979,Fun!23,176,andrewgarcia,Andrew,0,Garcia,Employee,false
8665.64,7/30/1967,Fun!23,375,jeremiahwilliamson,Jeremiah,0,Williamson,Employee,false
7098.24,12/13/1982,Fun!23,794,erinjones,Erin,0,Jones,Employee,false
7983.17,9/4/1967,Fun!23,686,cynthiagiles,Cynthia,0,Giles,Employee,false
16341.53,2/25/1989,Fun!23,626,heathercunningham,Heather,0,Cunningham,Employee,false
8713.33,7/28/1901,Fun!23,88,geoffwaller,Geoff,0,Waller,Employee,false
8020.89,3/27/1927,Fun!23,619,tylerbaxter,Tyler,0,Baxter,Employee,false
9216.6,1/21/1987,Fun!23,74,eduardoromero,Eduardo,0,Romero,Employee,true
7222.68,3/28/1902,Fun!23,234,destinyferguson,Destiny,0,Ferguson,Employee,true
8877.66,3/20/1944,Fun!23,810,emilyestes,Emily,0,Estes,Employee,true
3712.11,2/22/1948,Fun!23,587,jamesmorgan,James,0,Morgan,Employee,true
13888.14,6/11/1966,Fun!23,28,kaadisney,Kaa,0,Disney,Customer,false
8990.35,4/9/1983,Fun!23,670,nicholasjackson,Nicholas,0,Jackson,Employee,true
10031.31,8/30/1910,Fun!23,76,sariyahrussell,Sariyah,0,Russell,Employee,true
17235.28,10/17/1910,Fun!23,177,jamespittman,James,0,Pittman,Employee,true
16136.02,1/8/1952,Fun!23,33,herculesdisney,Hercules,0,Disney,Customer,false
17291.49,11/17/1967,Fun!23,906,rodneymoss,Rodney,0,Moss,Employee,true
3628.98,3/19/1937,Fun!23,289,nicoleharvey,Nicole,0,Harvey,Employee,false
9121.43,6/6/1979,Fun!23,823,tanyaturner,Tanya,0,Turner,Employee,true
13838.1,9/22/1967,Fun!23,458,philipchaney,Philip,0,Chaney,Employee,true
15821.62,9/23/1912,Fun!23,986,michaeljohnson,Michael,0,Johnson,Employee,false
14735.97,8/14/1985,Fun!23,706,garysmith,Gary,0,Smith,Employee,false
16210.73,7/23/1949,Fun!23,475,dorismercado,Doris,0,Mercado,Employee,true
5036.02,11/9/1973,Fun!23,1005,tammythomas,Tammy,0,Thomas,Employee,true
3820.11,11/16/1986,Fun!23,464,garymiller,Gary,0,Miller,Employee,false
12810.96,9/15/1927,Fun!23,60,ashleymagallanes,Ashley,0,Magallanes,Employee,false
4674.79,4/25/1929,Fun!23,615,vanessawatson,Vanessa,0,Watson,Employee,true
9622.55,4/14/1918,Fun!23,723,seanhernandez,Sean,0,Hernandez,Employee,true
17004,9/25/1942,Fun!23,180,richardbrown,Richard,0,Brown,Employee,true
8223.47,1/30/1974,Fun!23,465,crystalrice,Crystal,0,Rice,Employee,false
10534.95,4/5/1980,Fun!23,360,amberbrown,Amber,0,Brown,Employee,false
15995.97,12/2/1985,Fun!23,493,michaelrobinson,Michael,0,Robinson,Employee,true
14958.84,11/18/1953,Fun!23,520,margaretsmith,Margaret,0,Smith,Employee,false
17584.31,5/30/1904,Fun!23,478,thomasbonilla,Thomas,0,Bonilla,Employee,true
14390.49,10/7/1921,Fun!23,382,joshuameadows,Joshua,0,Meadows,Employee,false
8612.05,8/23/1906,Fun!23,1021,markbutler,Mark,0,Butler,Employee,true
10813.65,6/16/1936,Fun!23,516,bobbybennett,Bobby,0,Bennett,Employee,true
13209.85,4/15/1972,Fun!23,981,mariahblack,Mariah,0,Black,Employee,false
15860.94,2/25/1929,Fun!23,931,tylerevans,Tyler,0,Evans,Employee,false
6005.41,7/3/1917,Fun!23,1034,taylorjohnson,Taylor,0,Johnson,Employee,true
9237.34,10/1/1933,Fun!23,306,davidmills,David,0,Mills,Employee,false
5055.08,2/21/1948,Fun!23,732,allisonweaver,Allison,0,Weaver,Employee,false
13417.91,3/26/1910,Fun!23,713,anthonyadams,Anthony,0,Adams,Employee,false
6652.2,2/19/1955,Fun!23,538,jessicaolsen,Jessica,0,Olsen,Employee,true
11192.49,10/8/1933,Fun!23,256,brookepadilla,Brooke,0,Padilla,Employee,false
9335.26,1/9/1999,Fun!23,628,sherriarmstrong,Sherri,0,Armstrong,Employee,true
9513.89,7/24/1966,Fun!23,12,simbadisney,Simba,0,Disney,Customer,false
3648.44,8/23/1934,Fun!23,239,annagutierrez,Anna,0,Gutierrez,Employee,true
5706.53,10/13/1982,Fun!23,681,lindarodriguez,Linda,0,Rodriguez,Employee,true
12083.06,2/13/1943,Fun!23,496,darleneshaw,Darlene,0,Shaw,Employee,true
10486.7,7/4/1914,Fun!23,943,paulherman,Paul,0,Herman,Employee,false
13038.24,8/23/1972,Fun!23,831,michaelprince,Michael,0,Prince,Employee,true
10617.92,1/15/1908,Fun!23,15,peterpan,Peter,0,Pan,Customer,true
6470.19,1/14/1986,Fun!23,513,colleentorres,Colleen,0,Torres,Employee,true
4647.47,2/28/1949,Fun!23,143,edwardhernandez,Edward,0,Hernandez,Employee,false
11006.04,11/30/1929,Fun!23,502,louisboone,Louis,0,Boone,Employee,true
8551.61,5/9/1932,Fun!23,69,mayrarobles,Mayra,0,Robles,Employee,true
5264.14,4/1/1971,Fun!23,531,gracekelley,Grace,0,Kelley,Employee,true
15569.89,7/19/1922,Fun!23,438,patricklarsen,Patrick,0,Larsen,Employee,false
10558.76,5/23/1988,Fun!23,663,christopherrobinson,Christopher,0,Robinson,Employee,false
4749.35,7/31/1923,Fun!23,890,jessedunn,Jesse,0,Dunn,Employee,true
14357.16,6/23/1959,Fun!23,779,sabrinanguyen,Sabrina,0,Nguyen,Employee,false
17585.69,7/12/1919,Fun!23,960,mirandawalker,Miranda,0,Walker,Employee,false
17618.35,8/30/1990,Fun!23,923,danapark,Dana,0,Park,Employee,true
13350.36,9/7/1978,Fun!23,297,adammaldonado,Adam,0,Maldonado,Employee,true
13427.03,5/29/1916,Fun!23,887,josephdavis,Joseph,0,Davis,Employee,true
6154.24,6/22/1972,Fun!23,271,susanallen,Susan,0,Allen,Employee,true
12552.6,9/9/1936,Fun!23,654,lorettaphillips,Loretta,0,Phillips,Employee,false
12413.18,2/9/1938,Fun!23,244,erikcase,Erik,0,Case,Employee,true
8278.17,2/25/1941,Fun!23,701,johnblair,John,0,Blair,Employee,true
14618.15,6/26/1904,Fun!23,740,jerrygamble,Jerry,0,Gamble,Employee,true
3995.53,11/21/1922,Fun!23,759,jennifercarr,Jennifer,0,Carr,Employee,true
15948.16,1/5/1919,Fun!23,205,mollycohen,Molly,0,Cohen,Employee,true
17104.64,6/26/1992,Fun!23,150,richardvargas,Richard,0,Vargas,Employee,false
8679.58,6/4/1909,Fun!23,153,marissawagner,Marissa,0,Wagner,Employee,true
15829.45,10/4/1960,Fun!23,577,christophercraig,Christopher,0,Craig,Employee,false
8028.85,3/29/1969,Fun!23,652,melissamcdonald,Melissa,0,Mcdonald,Employee,true
12904.01,4/16/1907,Fun!23,290,matthewperez,Matthew,0,Perez,Employee,false
4054.08,9/25/1916,Fun!23,172,karlajohnson,Karla,0,Johnson,Employee,false
9086.16,2/13/1916,Fun!23,989,zacharycampbell,Zachary,0,Campbell,Employee,true
14417.37,12/5/1986,Fun!23,55,ianislas,Ian,0,Islas,Employee,false
14452.59,10/18/1956,Fun!23,977,stephanieperry,Stephanie,0,Perry,Employee,true
6662.23,7/9/1946,Fun!23,264,jamesromero,James,0,Romero,Employee,true
14931.33,4/28/1980,Fun!23,129,kylehodges,Kyle,0,Hodges,Employee,true
6257.12,7/22/1907,Fun!23,803,georgeproctor,George,0,Proctor,Employee,true
11831.2,10/31/1941,Fun!23,118,crystalwalker,Crystal,0,Walker,Employee,true
15848.88,8/7/1934,Fun!23,41,dianagarcia,Diana,0,Garcia,Employee,false
15857.38,10/4/1928,Fun!23,1026,timothywagner,Timothy,0,Wagner,Employee,false
5807.78,9/13/1938,Fun!23,406,seanhull,Sean,0,Hull,Employee,true
16244.6,11/11/1989,Fun!23,308,laurasmith,Laura,0,Smith,Employee,false
10255.89,2/23/1936,Fun!23,938,kylieking,Kylie,0,King,Employee,true
9473.77,7/6/1974,Fun!23,363,kevinswanson,Kevin,0,Swanson,Employee,false
3131.66,11/17/1954,Fun!23,709,thomashall,Thomas,0,Hall,Employee,true
7433.29,10/16/1911,Fun!23,560,jakemitchell,Jake,0,Mitchell,Employee,false
12595.09,1/6/1993,Fun!23,817,jenniferjones,Jennifer,0,Jones,Employee,false
4917.1,4/28/1901,Fun!23,262,leroywalters,Leroy,0,Walters,Employee,true
3882.11,7/20/1995,Fun!23,415,philipcollins,Philip,0,Collins,Employee,false
7546.44,9/24/1914,Fun!23,950,robertwang,Robert,0,Wang,Employee,false
12821.68,9/13/2000,Fun!23,62,enriquemunoz,Enrique,0,Munoz,Employee,false
9004.95,11/16/1902,Fun!23,481,michellewood,Michelle,0,Wood,Employee,true
10425.14,1/14/1932,Fun!23,853,michaelclarke,Michael,0,Clarke,Employee,true
5587.6,4/5/1963,Fun!23,37,danielmejia,Daniel,0,Mejia,Employee,false
12519.84,6/15/1984,Fun!23,266,davidthomas,David,0,Thomas,Employee,true
9543.52,2/15/1947,Fun!23,551,kimberlyjohnson,Kimberly,0,Johnson,Employee,true
15707.95,1/2/1940,Fun!23,585,sheriadams,Sheri,0,Adams,Employee,true
6601.78,10/15/1980,Fun!23,506,danielledorsey,Danielle,0,Dorsey,Employee,false
6718.8,1/20/1902,Fun!23,305,jasmineramirez,Jasmine,0,Ramirez,Employee,false
5864.37,12/15/1993,Fun!23,548,ryanbowman,Ryan,0,Bowman,Employee,true
6919.04,5/12/1903,Fun!23,386,jacobwilliams,Jacob,0,Williams,Employee,true
3742.37,12/28/1995,Fun!23,541,richardedwards,Richard,0,Edwards,Employee,true
3184.98,6/2/1904,Fun!23,276,allisonchang,Allison,0,Chang,Employee,false
7641.18,9/25/1981,Fun!23,240,joelarellano,Joel,0,Arellano,Employee,false
8540.19,8/8/1945,Fun!23,381,teresajacobs,Teresa,0,Jacobs,Employee,true
15949.01,6/29/1909,Fun!23,22,cruellade vil,Cruella,0,De Vil,Customer,false
10784.13,7/30/1942,Fun!23,138,christophercoleman,Christopher,0,Coleman,Employee,false
8474.81,7/28/1962,Fun!23,915,aprillopez,April,0,Lopez,Employee,false
13076.19,10/26/1953,Fun!23,557,rodneyberg,Rodney,0,Berg,Employee,false
4276.4,9/9/1987,Fun!23,488,stevenowens,Steven,0,Owens,Employee,false
14836.91,11/27/1921,Fun!23,274,shannonbennett,Shannon,0,Bennett,Employee,false
6058.66,5/30/1942,Fun!23,214,susanalvarez,Susan,0,Alvarez,Employee,false
7924.26,11/20/1978,Fun!23,1024,kristenmartinez,Kristen,0,Martinez,Employee,false
7566.52,3/8/1992,Fun!23,623,erikalopez,Erika,0,Lopez,Employee,false
16221.06,1/17/1977,Fun!23,341,rickythompson,Ricky,0,Thompson,Employee,false
14202.34,2/28/1951,Fun!23,808,tanyajohnson,Tanya,0,Johnson,Employee,true
16240.07,6/14/1921,Fun!23,433,ritaowens,Rita,0,Owens,Employee,false
11780.55,2/23/1974,Fun!23,49,luisdel campo,Luis,0,Del Campo,Employee,false
17730.66,5/23/1946,Fun!23,874,soniadurham,Sonia,0,Durham,Employee,false
10972,8/27/1968,Fun!23,818,andrewnorris,Andrew,0,Norris,Employee,false
8040.9,8/18/1924,Fun!23,888,stephaniewilliams,Stephanie,0,Williams,Employee,false
12055.92,4/12/1970,Fun!23,450,geraldbaker,Gerald,0,Baker,Employee,false
3727.54,6/16/1915,Fun!23,77,ianrybak,Ian,0,Rybak,Employee,false
4483.14,3/15/1955,Fun!23,108,theresaobrien,Theresa,0,Obrien,Employee,true
9086.07,9/19/1911,Fun!23,328,jasonwolfe,Jason,0,Wolfe,Employee,true
14043.73,10/22/1904,Fun!23,780,haydenmcdaniel,Hayden,0,Mcdaniel,Employee,false
11672.78,12/14/1935,Fun!23,812,caseynavarro,Casey,0,Navarro,Employee,true
11985.18,2/2/1915,Fun!23,455,kaylamorgan,Kayla,0,Morgan,Employee,false
8503.5,12/11/1995,Fun!23,226,arianalara,Ariana,0,Lara,Employee,false
10840.77,9/24/1989,Fun!23,391,normanfreeman,Norman,0,Freeman,Employee,true
11370.52,4/14/1946,Fun!23,550,ryansullivan,Ryan,0,Sullivan,Employee,false
15858.22,2/9/1933,Fun!23,532,alexandercarter,Alexander,0,Carter,Employee,false
6796.48,1/20/1994,Fun!23,796,debraraymond,Debra,0,Raymond,Employee,true
6572.77,10/7/1969,Fun!23,317,brendadouglas,Brenda,0,Douglas,Employee,false
10404.48,10/20/1927,Fun!23,18,jafaraladdin,Jafar,0,Aladdin,Customer,true
17913.73,5/8/1962,Fun!23,811,melissajohnson,Melissa,0,Johnson,Employee,true
3358.64,11/9/1946,Fun!23,66,samuelramossanchez,Samuel,0,RamosSanchez,Employee,false
3099.27,9/21/1922,Fun!23,727,nathanthompson,Nathan,0,Thompson,Employee,false
9154.91,9/22/1933,Fun!23,412,rachelroberson,Rachel,0,Roberson,Employee,true
4255,11/8/1908,Fun!23,715,jermainedean,Jermaine,0,Dean,Employee,true
9773.56,12/8/1903,Fun!23,304,gloriapage,Gloria,0,Page,Employee,true
15131.13,3/10/1936,Fun!23,846,joshuagomez,Joshua,0,Gomez,Employee,true
6661.19,11/13/1988,Fun!23,86,andreavillagomez,Andrea,0,Villagomez,Employee,true
11496.14,10/8/1937,Fun!23,126,megannoble,Megan,0,Noble,Employee,true
3698.47,8/14/1981,Fun!23,700,juliayoung,Julia,0,Young,Employee,false
7165.67,6/24/1905,Fun!23,558,heidipage,Heidi,0,Page,Employee,true
13675.63,5/10/1957,Fun!23,157,philipzamora,Philip,0,Zamora,Employee,true
17068.97,7/19/1976,Fun!23,45,jessicabarragan,Jessica,0,Barragan,Employee,true
5923.82,10/3/1941,Fun!23,832,craigfleming,Craig,0,Fleming,Employee,false
9136.26,9/4/1902,Fun!23,14,auroradisney,Aurora,0,Disney,Customer,true
3091.35,1/12/1966,Fun!23,959,alexandracook,Alexandra,0,Cook,Employee,true
7976.85,11/11/1962,Fun!23,482,derekirwin,Derek,0,Irwin,Employee,false
16486,10/18/1929,Fun!23,487,michaelfox,Michael,0,Fox,Employee,false
6538.74,12/4/1901,Fun!23,48,jasmincuevas,Jasmin,0,Cuevas,Employee,false
4054.14,9/20/1933,Fun!23,26,sherekhan,Shere,0,Khan,Customer,false
10038.55,3/31/1977,Fun!23,519,christophersanford,Christopher,0,Sanford,Employee,true
17551,6/23/1993,Fun!23,459,lindaalexander,Linda,0,Alexander,Employee,false
13374.16,10/18/2000,Fun!23,362,dakotabender,Dakota,0,Bender,Employee,true
9305.13,10/24/1980,Fun!23,472,ericramos,Eric,0,Ramos,Employee,false
3692.22,11/13/1922,Fun!23,404,allisoncross,Allison,0,Cross,Employee,true
12741.04,5/26/1980,Fun!23,627,ronaldbond,Ronald,0,Bond,Employee,true
7037.09,11/3/1969,Fun!23,954,jenniferhernandez,Jennifer,0,Hernandez,Employee,false
17169.1,3/29/1906,Fun!23,8,cinderelladisney,Cinderella,0,Disney,Customer,true
4129.84,9/6/1908,Fun!23,601,davidharvey,David,0,Harvey,Employee,false
9108.23,11/30/1909,Fun!23,1001,ryanpeterson,Ryan,0,Peterson,Employee,true
7971.91,7/18/1919,Fun!23,137,ronaldparker,Ronald,0,Parker,Employee,true
13332.8,12/28/1976,Fun!23,397,krystalthompson,Krystal,0,Thompson,Employee,false
12867.28,5/29/1967,Fun!23,403,ashleywilcox,Ashley,0,Wilcox,Employee,true
11852.53,12/6/1969,Fun!23,892,jackmorgan,Jack,0,Morgan,Employee,true
4977.86,4/12/1960,Fun!23,916,jameswatson,James,0,Watson,Employee,true
6673.74,9/16/1914,Fun!23,56,victorlopez,Victor,0,Lopez,Employee,false
11548.75,7/29/1932,Fun!23,841,victoranderson,Victor,0,Anderson,Employee,true
16470.59,5/4/1989,Fun!23,728,williamadkins,William,0,Adkins,Employee,false
9553.65,9/4/1963,Fun!23,867,christianellis,Christian,0,Ellis,Employee,false
15652.57,11/30/1900,Fun!23,80,gabrielasigalaacosta,Gabriela,0,SigalaAcosta,Employee,false
17203.76,1/25/1968,Fun!23,220,kathrynperez,Kathryn,0,Perez,Employee,true
3272.69,12/25/1967,Fun!23,784,keithchristensen,Keith,0,Christensen,Employee,false
14525.46,7/18/1942,Fun!23,835,marciasnyder,Marcia,0,Snyder,Employee,false
9289.27,12/13/1958,Fun!23,253,barbararobertson,Barbara,0,Robertson,Employee,true
12858.88,1/21/1984,Fun!23,661,stevenhartman,Steven,0,Hartman,Employee,false
11099.8,10/2/1993,Fun!23,136,jeffreyweiss,Jeffrey,0,Weiss,Employee,false
4295.62,7/21/1909,Fun!23,900,andreramos,Andre,0,Ramos,Employee,false
8442,9/6/1903,Fun!23,578,jamiehernandez,Jamie,0,Hernandez,Employee,true
6740.04,5/28/1916,Fun!23,354,kennethsmith,Kenneth,0,Smith,Employee,false
17397.54,10/29/1940,Fun!23,259,karenthomas,Karen,0,Thomas,Employee,false
10580.87,11/16/1921,Fun!23,372,danielfoster,Daniel,0,Foster,Employee,true
6884.18,6/4/1933,Fun!23,658,teresagardner,Teresa,0,Gardner,Employee,false
3219.79,2/21/1987,Fun!23,646,matthewgonzalez,Matthew,0,Gonzalez,Employee,false
15767.81,5/3/1992,Fun!23,1009,courtneyolsen,Courtney,0,Olsen,Employee,false
4249.03,7/18/1985,Fun!23,586,heatherlittle,Heather,0,Little,Employee,false
10726.65,12/28/1949,Fun!23,232,paulfisher,Paul,0,Fisher,Employee,true
15426.88,8/4/1913,Fun!23,367,mistyhorton,Misty,0,Horton,Employee,true
10648.08,6/2/1932,Fun!23,588,cynthiapowell,Cynthia,0,Powell,Employee,true
5926.34,1/15/1969,Fun!23,956,ryanwashington,Ryan,0,Washington,Employee,false
16845.79,3/4/1996,Fun!23,201,sharonmiller,Sharon,0,Miller,Employee,true
17594.94,9/13/1951,Fun!23,105,melissamccormick,Melissa,0,Mccormick,Employee,true
14496.42,10/25/1947,Fun!23,225,robertpark,Robert,0,Park,Employee,false
3905.15,10/16/1991,Fun!23,757,davidsummers,David,0,Summers,Employee,true
17921.47,3/22/1980,Fun!23,470,barbarajones,Barbara,0,Jones,Employee,false
14175.76,8/16/1931,Fun!23,564,christopherjohnson,Christopher,0,Johnson,Employee,false
6192.75,11/9/1999,Fun!23,743,rodneymcneil,Rodney,0,Mcneil,Employee,false
9569.49,2/12/1912,Fun!23,618,janethughes,Janet,0,Hughes,Employee,true
16824.26,6/18/1933,Fun!23,399,scottrose,Scott,0,Rose,Employee,false
10093.27,3/17/1993,Fun!23,870,wendymontoya,Wendy,0,Montoya,Employee,false
12701.01,4/13/1963,Fun!23,192,michellemaldonado,Michelle,0,Maldonado,Employee,true
15582.63,3/11/1903,Fun!23,135,jerrycurtis,Jerry,0,Curtis,Employee,false
11279.58,7/5/1919,Fun!23,166,craigespinoza,Craig,0,Espinoza,Employee,false
13371.02,5/16/1998,Fun!23,47,brandoncartwrightli,Brandon,0,CartwrightLi,Employee,false
7093.09,7/28/1945,Fun!23,321,franciscomoore,Francisco,0,Moore,Employee,false
16642.69,10/7/1987,Fun!23,267,williamhunter,William,0,Hunter,Employee,true
13205.33,6/19/1930,Fun!23,265,karenzhang,Karen,0,Zhang,Employee,true
8648.48,9/7/1990,Fun!23,492,joecochran,Joe,0,Cochran,Employee,false
13381.53,5/16/1980,Fun!23,468,wendystanton,Wendy,0,Stanton,Employee,false
11602.66,5/19/1977,Fun!23,4,goofydisney,Goofy,0,Disney,Customer,true
17970.07,3/27/1989,Fun!23,929,sarahtaylor,Sarah,0,Taylor,Employee,false
13277.42,12/16/1907,Fun!23,893,matthewmason,Matthew,0,Mason,Employee,false
9402.17,3/21/1958,Fun!23,252,alexisford,Alexis,0,Ford,Employee,false
12790.71,8/18/1945,Fun!23,980,marissahenry,Marissa,0,Henry,Employee,true
10996.07,9/24/1943,Fun!23,6,chipdisney,Chip,0,Disney,Customer,false
9358.16,11/28/1916,Fun!23,284,danielromero,Daniel,0,Romero,Employee,false
6556.88,10/10/2000,Fun!23,676,williamortiz,William,0,Ortiz,Employee,false
10511.03,11/25/1961,Fun!23,311,marissaoconnell,Marissa,0,Oconnell,Employee,false
10867.23,8/10/1944,Fun!23,547,courtneytran,Courtney,0,Tran,Employee,false
15880.63,2/27/1928,Fun!23,169,thomasking,Thomas,0,King,Employee,false
13471.72,3/28/1993,Fun!23,854,nicholassmith,Nicholas,0,Smith,Employee,false
10256.62,11/24/1995,Fun!23,917,karasummers,Kara,0,Summers,Employee,true
6744.32,10/27/1949,Fun!23,556,brittanyweaver,Brittany,0,Weaver,Employee,false
9015.59,4/1/1924,Fun!23,638,allenarnold,Allen,0,Arnold,Employee,true
3819.23,8/4/1969,Fun!23,793,colleenhall,Colleen,0,Hall,Employee,false
7706.1,5/24/1964,Fun!23,572,robertleblanc,Robert,0,Leblanc,Employee,false
16278.16,10/1/1906,Fun!23,599,darinbaker,Darin,0,Baker,Employee,false
15170.57,4/17/1912,Fun!23,898,davidclark,David,0,Clark,Employee,true
16541.69,9/13/2000,Fun!23,467,christopherraymond,Christopher,0,Raymond,Employee,false
8219.03,6/3/1957,Fun!23,731,johnjones,John,0,Jones,Employee,false
9072.23,1/6/1912,Fun!23,211,brianjensen,Brian,0,Jensen,Employee,true
5546.11,5/1/1928,Fun!23,752,howarddavenport,Howard,0,Davenport,Employee,true
12375.89,2/7/1948,Fun!23,941,anaandrade,Ana,0,Andrade,Employee,true
3483.92,5/23/1917,Fun!23,353,lisabrown,Lisa,0,Brown,Employee,true
12486.73,1/1/1990,Fun!23,762,sarafox,Sara,0,Fox,Employee,false
10295.68,2/24/1956,Fun!23,104,robertpreston,Robert,0,Preston,Employee,true
10457.06,7/24/1900,Fun!23,489,ambersellers,Amber,0,Sellers,Employee,false
16702.75,10/14/1979,Fun!23,691,christineellis,Christine,0,Ellis,Employee,true
11951.87,3/13/1994,Fun!23,763,jeremyfoster,Jeremy,0,Foster,Employee,true
16039.5,2/28/1984,Fun!23,974,johnhansen,John,0,Hansen,Employee,true
10460.72,6/17/1987,Fun!23,217,chasemiller,Chase,0,Miller,Employee,false
9997.14,7/9/1970,Fun!23,880,bretthiggins,Brett,0,Higgins,Employee,true
14916.22,10/14/1918,Fun!23,23,scarlion,Scar,0,Lion,Customer,false
17105.96,9/23/1925,Fun!23,790,hectorwhitney,Hector,0,Whitney,Employee,false
13175.78,3/19/1928,Fun!23,370,natashawheeler,Natasha,0,Wheeler,Employee,false
13842.98,9/28/1958,Fun!23,31,princeeric,Prince,0,Eric,Customer,false
5387.01,1/24/1973,Fun!23,998,elizabethmedina,Elizabeth,0,Medina,Employee,false
12392.87,12/28/1936,Fun!23,235,samanthamay,Samantha,0,May,Employee,true
12629.95,4/25/1943,Fun!23,994,robertkennedy,Robert,0,Kennedy,Employee,false
13048.97,1/16/1929,Fun!23,582,danajones,Dana,0,Jones,Employee,true
8167.13,8/4/1977,Fun!23,562,joelwelch,Joel,0,Welch,Employee,false
8289.88,6/7/1971,Fun!23,451,tararodriguez,Tara,0,Rodriguez,Employee,false
8055.25,1/30/1946,Fun!23,175,samuelharrington,Samuel,0,Harrington,Employee,true
11787,11/17/1960,Fun!23,368,christopherfoster,Christopher,0,Foster,Employee,false
17975.19,11/4/1978,Fun!23,690,carlfoley,Carl,0,Foley,Employee,true
15632.87,3/2/1911,Fun!23,277,michaelwilliams,Michael,0,Williams,Employee,false
17191.18,7/30/1901,Fun!23,707,thomassanders,Thomas,0,Sanders,Employee,true
16214.99,11/5/1994,Fun!23,40,isabellagaytan,Isabella,0,Gaytan,Employee,false
3868.01,1/16/1912,Fun!23,298,mariamitchell,Maria,0,Mitchell,Employee,false
15262.33,7/6/1935,Fun!23,693,travisburton,Travis,0,Burton,Employee,false
13324.17,1/26/1963,Fun!23,644,markrogers,Mark,0,Rogers,Employee,true
11750.66,9/21/1909,Fun!23,647,roseburgess,Rose,0,Burgess,Employee,true
14302.14,7/25/1924,Fun!23,522,noahhorne,Noah,0,Horne,Employee,true
8653.01,1/30/1929,Fun!23,331,jordanwilson,Jordan,0,Wilson,Employee,true
3156.73,10/29/1918,Fun!23,106,austingriffin,Austin,0,Griffin,Employee,false
7151.25,4/8/1972,Fun!23,500,bruceclark,Bruce,0,Clark,Employee,true
8160.21,8/4/1953,Fun!23,141,gailparker,Gail,0,Parker,Employee,false
6121.02,2/29/1996,Fun!23,525,victoriamoses,Victoria,0,Moses,Employee,true
9207.75,9/11/1975,Fun!23,273,markrichards,Mark,0,Richards,Employee,false
7200.72,8/24/1938,Fun!23,1006,elizabethjackson,Elizabeth,0,Jackson,Employee,false
16015.85,8/7/1918,Fun!23,299,stephenvillegas,Stephen,0,Villegas,Employee,false
7802.26,5/1/1936,Fun!23,53,alondragonzalezayala,Alondra,0,GonzalezAyala,Employee,true
10338.37,7/15/1933,Fun!23,778,craigbrown,Craig,0,Brown,Employee,false
12992.39,10/18/1996,Fun!23,490,joseevans,Jose,0,Evans,Employee,true
8665.98,6/3/1996,Fun!23,122,stephenellis,Stephen,0,Ellis,Employee,false
8962.8,5/15/1956,Fun!23,282,laurenhall,Lauren,0,Hall,Employee,false
3264.69,9/1/1936,Fun!23,327,bryanhardy,Bryan,0,Hardy,Employee,false
11498.92,3/16/1931,Fun!23,408,davidsoto,David,0,Soto,Employee,false
12114.73,8/6/1906,Fun!23,546,brandyvalenzuela,Brandy,0,Valenzuela,Employee,true
7308.27,6/7/1920,Fun!23,798,michealsanders,Micheal,0,Sanders,Employee,false
8288.89,6/12/1983,Fun!23,436,rebeccabrown,Rebecca,0,Brown,Employee,true
12826.46,12/14/1917,Fun!23,322,kathleensmall,Kathleen,0,Small,Employee,false
13520.7,6/25/1914,Fun!23,1037,corybyrd,Cory,0,Byrd,Employee,true
6694.78,8/24/1959,Fun!23,390,anthonyhardin,Anthony,0,Hardin,Employee,true
3005.33,4/16/1965,Fun!23,113,reneebradley,Renee,0,Bradley,Employee,false
15742.51,5/29/1903,Fun!23,409,kaylamahoney,Kayla,0,Mahoney,Employee,false
7064.94,4/19/1960,Fun!23,93,robertlyons,Robert,0,Lyons,Employee,false
4253.58,6/17/1988,Fun!23,593,alyssasmith,Alyssa,0,Smith,Employee,true
4183.16,5/12/1946,Fun!23,568,dylanlopez,Dylan,0,Lopez,Employee,true
10286.41,7/3/1955,Fun!23,905,melissaevans,Melissa,0,Evans,Employee,false
7378.02,8/15/1980,Fun!23,39,dianavalles,Diana,0,Valles,Employee,false
12298.27,8/19/1923,Fun!23,714,timothyjones,Timothy,0,Jones,Employee,true
14576.92,6/26/1979,Fun!23,411,terrimendez,Terri,0,Mendez,Employee,false
7086.94,2/18/1969,Fun!23,742,kevinboone,Kevin,0,Boone,Employee,false
17815.6,8/26/1974,Fun!23,636,scottbailey,Scott,0,Bailey,Employee,true
10826.81,5/27/1996,Fun!23,200,jamesnolan,James,0,Nolan,Employee,true
6648.99,2/8/1946,Fun!23,836,garypark,Gary,0,Park,Employee,false
12626.3,11/20/1973,Fun!23,773,seansmith,Sean,0,Smith,Employee,true
3522.15,12/3/1964,Fun!23,978,samuelburton,Samuel,0,Burton,Employee,false
9350.54,1/6/1975,Fun!23,952,mitchellgross,Mitchell,0,Gross,Employee,true
15355.97,3/20/1965,Fun!23,461,anthonydalton,Anthony,0,Dalton,Employee,false
12177.46,11/13/1955,Fun!23,730,hollycruz,Holly,0,Cruz,Employee,false
14075.63,8/6/1923,Fun!23,91,tomperez,Tom,0,Perez,Employee,true
5524.78,1/30/1965,Fun!23,146,davidgardner,David,0,Gardner,Employee,false
13886.97,7/25/1984,Fun!23,389,josephbrooks,Joseph,0,Brooks,Employee,true
15564.6,7/11/1968,Fun!23,95,brittanyandrews,Brittany,0,Andrews,Employee,true
17707.04,4/12/1973,Fun!23,202,andrewparks,Andrew,0,Parks,Employee,true
16578.18,1/24/1948,Fun!23,376,deansmith,Dean,0,Smith,Employee,false
4938.22,12/8/1969,Fun!23,913,christopherortega,Christopher,0,Ortega,Employee,false
12799.35,9/2/1925,Fun!23,377,lisastafford,Lisa,0,Stafford,Employee,true
12369.35,5/30/1938,Fun!23,24,simbaking,Simba,0,King,Customer,false
9522.89,8/10/1970,Fun!23,526,robinwatson,Robin,0,Watson,Employee,false
3756.63,12/27/1926,Fun!23,346,carolinetorres,Caroline,0,Torres,Employee,true
3446.26,5/8/1973,Fun!23,769,brandywilkerson,Brandy,0,Wilkerson,Employee,false
15049.48,6/1/1901,Fun!23,807,jonathanmartinez,Jonathan,0,Martinez,Employee,false
10993.85,7/18/1971,Fun!23,139,thomasclark,Thomas,0,Clark,Employee,true
13192.06,10/15/1952,Fun!23,678,jasonlee,Jason,0,Lee,Employee,false
16599.03,3/27/1976,Fun!23,260,chrisholden,Chris,0,Holden,Employee,true
16556.44,7/14/1973,Fun!23,480,kellybell,Kelly,0,Bell,Employee,true
14580.76,5/1/1905,Fun!23,590,jeffray,Jeff,0,Ray,Employee,true
4598.93,4/18/1916,Fun!23,174,sandrarogers,Sandra,0,Rogers,Employee,true
9468.64,10/27/1951,Fun!23,1025,mariakelly,Maria,0,Kelly,Employee,true
10137.56,5/18/1960,Fun!23,809,meganthompson,Megan,0,Thompson,Employee,false
6395.64,10/18/1955,Fun!23,152,victoriamartin,Victoria,0,Martin,Employee,true
8388.87,12/20/1992,Fun!23,927,ruthponce,Ruth,0,Ponce,Employee,false
10728.54,12/10/1967,Fun!23,319,jadecrawford,Jade,0,Crawford,Employee,false
11044.17,9/10/1995,Fun!23,503,amymcpherson,Amy,0,Mcpherson,Employee,false
11354.41,8/8/1942,Fun!23,595,anthonybarber,Anthony,0,Barber,Employee,false
16750.88,2/20/1926,Fun!23,1000,lorilivingston,Lori,0,Livingston,Employee,false
7133.8,1/10/1979,Fun!23,659,brandonflores,Brandon,0,Flores,Employee,true
8204.67,6/20/1986,Fun!23,571,chrisjones,Chris,0,Jones,Employee,true
9675.53,4/26/1920,Fun!23,181,michaelsmith,Michael,0,Smith,Employee,false
3400.07,6/5/1959,Fun!23,344,brianhayes,Brian,0,Hayes,Employee,false
4647.94,2/25/1985,Fun!23,207,donnaallen,Donna,0,Allen,Employee,true
8142.77,3/8/1920,Fun!23,429,johnmorris,John,0,Morris,Employee,true
9672.13,8/14/1960,Fun!23,1016,johnsanders,John,0,Sanders,Employee,false
14053.91,4/5/1985,Fun!23,909,victoriaellis,Victoria,0,Ellis,Employee,true
13033.87,10/31/1982,Fun!23,335,kyletaylor,Kyle,0,Taylor,Employee,true
11476.36,6/2/1993,Fun!23,364,christopherdominguez,Christopher,0,Dominguez,Employee,false
17114.5,8/26/1974,Fun!23,712,teresastewart,Teresa,0,Stewart,Employee,false
12465.41,1/18/1975,Fun!23,61,leilamartinez,Leila,0,Martinez,Employee,true
13328.05,9/27/1906,Fun!23,574,chadclark,Chad,0,Clark,Employee,true
4244.78,10/7/1984,Fun!23,1028,stephenpeters,Stephen,0,Peters,Employee,false
4014.11,9/22/1999,Fun!23,171,lindabennett,Linda,0,Bennett,Employee,true
14099.25,12/27/1959,Fun!23,441,stevencabrera,Steven,0,Cabrera,Employee,false
11245.97,3/15/1977,Fun!23,348,christinawheeler,Christina,0,Wheeler,Employee,true
17786.46,7/3/1900,Fun!23,443,gregorycarr,Gregory,0,Carr,Employee,true
4204,11/6/1957,Fun!23,155,richardblackwell,Richard,0,Blackwell,Employee,true
10171.64,7/18/1952,Fun!23,1030,vanessacarson,Vanessa,0,Carson,Employee,false
10142.24,1/16/1974,Fun!23,613,andrewmcclure,Andrew,0,Mcclure,Employee,false
7649.33,8/29/1904,Fun!23,483,brandigordon,Brandi,0,Gordon,Employee,false
8361.21,2/2/1993,Fun!23,142,seanmedina,Sean,0,Medina,Employee,false
4193.04,9/2/1960,Fun!23,910,kellywilson,Kelly,0,Wilson,Employee,true
10907.37,2/4/1993,Fun!23,768,jenniferevans,Jennifer,0,Evans,Employee,false
8470.26,6/24/1962,Fun!23,369,carriebennett,Carrie,0,Bennett,Employee,false
11657.49,4/27/1904,Fun!23,764,michaelflores,Michael,0,Flores,Employee,true
13606.14,10/2/1974,Fun!23,313,jennyhenry,Jenny,0,Henry,Employee,true
7459.47,7/7/1951,Fun!23,1036,shellyjones,Shelly,0,Jones,Employee,true
16904.99,4/2/1910,Fun!23,868,sandrasutton,Sandra,0,Sutton,Employee,false
7807.39,1/10/1950,Fun!23,534,jennachase,Jenna,0,Chase,Employee,true
9299.86,1/12/1929,Fun!23,667,lorihall,Lori,0,Hall,Employee,false
12978.47,5/22/1990,Fun!23,474,angelamcintyre,Angela,0,Mcintyre,Employee,true
4744.6,11/17/1908,Fun!23,418,adambass,Adam,0,Bass,Employee,false
14853.85,4/23/1949,Fun!23,1015,patriciahughes,Patricia,0,Hughes,Employee,true
16650.85,2/28/1991,Fun!23,151,derrickgrant,Derrick,0,Grant,Employee,true
11834.86,10/17/1964,Fun!23,501,justindavis,Justin,0,Davis,Employee,true
17085.82,2/15/1936,Fun!23,787,tracyfitzgerald,Tracy,0,Fitzgerald,Employee,true
16749.86,8/11/1994,Fun!23,656,kimberlymartinez,Kimberly,0,Martinez,Employee,true
10560.97,3/12/1908,Fun!23,611,edwardmolina,Edward,0,Molina,Employee,false
12148.59,9/28/1938,Fun!23,964,rogercasey,Roger,0,Casey,Employee,false
7732.86,2/18/1904,Fun!23,303,bradleyrodriguez,Bradley,0,Rodriguez,Employee,true
12411.2,5/28/1902,Fun!23,716,joshuabanks,Joshua,0,Banks,Employee,true
3741.78,6/6/1952,Fun!23,112,loganpalmer,Logan,0,Palmer,Employee,true
7699.67,11/11/1987,Fun!23,580,theresaclark,Theresa,0,Clark,Employee,true
12523.5,9/1/1908,Fun!23,625,anthonycarson,Anthony,0,Carson,Employee,true
15646.42,7/29/1926,Fun!23,183,kimberlyrichardson,Kimberly,0,Richardson,Employee,true
10764.28,11/19/1975,Fun!23,972,douglasmckay,Douglas,0,Mckay,Employee,false
9684.48,2/13/1981,Fun!23,630,colleensanchez,Colleen,0,Sanchez,Employee,false
9046.99,2/27/1986,Fun!23,334,kevinscott,Kevin,0,Scott,Employee,false
11392.61,7/10/1907,Fun!23,949,danielsummers,Daniel,0,Summers,Employee,false
13661.89,5/15/1982,Fun!23,258,robertwu,Robert,0,Wu,Employee,false
13854.67,10/21/1931,Fun!23,602,shannonwhite,Shannon,0,White,Employee,true
15529.47,1/5/1979,Fun!23,292,marycruz,Mary,0,Cruz,Employee,false
12894.97,8/4/1972,Fun!23,405,anitastein,Anita,0,Stein,Employee,true
17324.26,5/28/1945,Fun!23,343,jeffreysloan,Jeffrey,0,Sloan,Employee,true
11263.73,8/13/1971,Fun!23,878,kennethboyd,Kenneth,0,Boyd,Employee,false
7875.33,11/9/1984,Fun!23,85,franciscovazquez,Francisco,0,Vazquez,Employee,true
6005.69,7/19/1934,Fun!23,449,alexisshea,Alexis,0,Shea,Employee,true
16977.92,10/1/1905,Fun!23,539,lisarobinson,Lisa,0,Robinson,Employee,true
13823.27,12/9/1967,Fun!23,1038,amandabaker,Amanda,0,Baker,Employee,true
3641.2,3/22/1964,Fun!23,378,travisruiz,Travis,0,Ruiz,Employee,false
6358.12,5/27/1994,Fun!23,268,craigschaefer,Craig,0,Schaefer,Employee,true
5189.83,6/4/1930,Fun!23,191,jameshammond,James,0,Hammond,Employee,false
7979.16,1/9/1960,Fun!23,925,ericaburch,Erica,0,Burch,Employee,false
14973.99,1/7/1981,Fun!23,300,ryanmcconnell,Ryan,0,Mcconnell,Employee,false
9086.33,3/18/1957,Fun!23,439,emilybrady,Emily,0,Brady,Employee,false
6885.3,8/6/1990,Fun!23,777,michaelthomas,Michael,0,Thomas,Employee,false
10514.42,5/3/1977,Fun!23,228,mariamccarthy,Maria,0,Mccarthy,Employee,true
4848.04,9/22/1988,Fun!23,182,nathancoleman,Nathan,0,Coleman,Employee,true
14684.6,4/12/1967,Fun!23,971,tammywaters,Tammy,0,Waters,Employee,false
15393.07,3/18/2000,Fun!23,965,jamessimmons,James,0,Simmons,Employee,false